#pragma once
#include <array>
#include <cstdint>

namespace ff7::multilanguage::data
{
struct Text { uint32_t address; const char *text; };
struct Patch { uint32_t address; const char *bytes; bool unterminated; };
struct BytePatch { uint32_t address; uint8_t value; };
struct CodePatch { uint32_t address; uint32_t value; uint8_t size; };
struct ArchiveCopy { uint32_t source; uint32_t address; uint32_t size; };

inline constexpr ArchiveCopy archive_copies[] = {
    { 0x7BAA48, 0x407A7A, 43 }, { 0x7BAB64, 0x4083C6, 43 },
    { 0x7BAAB4, 0x407CD8, 25 }, { 0x7BAB8C, 0x40847E, 25 },
    { 0x7BAAA8, 0x407C77, 36 }, { 0x7BABAC, 0x408524, 36 },
    { 0x7BAB1C, 0x407F9D, 17 }, { 0x980E04, 0x77D0CE, 17 }
};
inline constexpr uint8_t archive_copy_code[] = {
    0x56, 0x57, 0xBE, 0, 0, 0, 0, 0xB9, 0, 0, 0, 0, 0xF3, 0xA4, 0x5F, 0x5E
};
inline constexpr uint8_t archive_copy_source_offset = 3;
inline constexpr uint8_t archive_copy_size_offset = 8;

inline constexpr CodePatch fr_code_patches[] = {
    { 0x92569C, 256, 2 }, { 0x9256B4, 189, 2 }, { 0x6CFABE, 128, 4 },
    { 0x6DF4D9, 32, 1 }, { 0x6DF538, 296, 4 }, { 0x6E38FE, 224, 4 },
    { 0x70A020, 230, 4 }, { 0x70A0D3, 230, 4 }, { 0x70D0AB, 270, 4 },
    { 0x70D0D2, 270, 4 }, { 0x71AB6C, 84, 1 }, { 0x71ABEB, 84, 1 }, { 0x71ACC6, 84, 1 },
    { 0x7ACCBD, 136, 4 }, { 0x7ACCC4, 339, 4 }, { 0x7ACCCB, 210, 4 }, { 0x7ACCD2, 1062338560, 4 },
    { 0x7AD085, 68, 4 }, { 0x7AD08C, 170, 4 }, { 0x7AD093, 105, 4 }, { 0x7AD09A, 1053949952, 4 },
    { 0x793672, 64, 2 }, { 0x7937AD, 0xFEEB, 2 }, { 0x7937C8, 50, 2 }, { 0x7937DA, 224, 2 },
    { 0x793C0B, 35, 2 }, { 0x793CA9, 29, 2 }, { 0x793F6F, 32, 2 }, { 0x794045, 36, 2 }
};

inline constexpr CodePatch de_code_patches[] = {
    { 0x92569C, 296, 2 },
    { 0x6CFABE, 56, 4 },
    { 0x6E38FE, 272, 4 },
    { 0x701CEE, 383, 4 },
    { 0x7032FE, 443, 4 },
    { 0x70B2A7, 64, 1 },
    { 0x6FF373, 31, 1 },
    { 0x715249, 120, 1 },
    { 0x715274, 120, 1 },
    { 0x715311, 120, 1 },
    { 0x715393, 120, 1 },
    { 0x715444, 120, 1 },
    { 0x71550D, 120, 1 },
    { 0x715645, 125, 1 },
    { 0x718990, 11, 4 },
    { 0x7189A4, 11, 4 },
    { 0x7191B1, 11, 1 },
    { 0x719870, 11, 1 },
    { 0x718EF8, 20, 1 },
    { 0x718FD2, 443, 4 },
    { 0x71924A, 490, 4 },
    { 0x71ABEB, 96, 1 },
    { 0x71ACC6, 96, 1 },
    { 0x71E62A, 64, 1 },
    { 0x7ACCBD, 192, 4 },
    { 0x7ACCC4, 387, 4 },
    { 0x7ACCCB, 256, 4 },
    { 0x7ACCD2, 1065353216, 4 },
    { 0x7AD085, 96, 4 },
    { 0x7AD08C, 193, 4 },
    { 0x7AD093, 128, 4 },
    { 0x7AD09A, 1056964608, 4 },
    { 0x793586, 66, 2 },
    { 0x7937AD, 0xFF02, 2 },
    { 0x7937C8, 25, 2 },
    { 0x7937DA, 168, 2 },
    { 0x793BF0, 163, 2 },
    { 0x793BF9, 0xFF0E, 2 },
    { 0x793C0B, 64, 2 },
    { 0x793CA9, 42, 2 },
    { 0x793F6F, 44, 2 },
    { 0x794045, 28, 2 },
};

inline constexpr CodePatch es_code_patches[] = {
    { 0x721458, 17, 1 },
    { 0x92569C, 248, 2 },
    { 0x9256B4, 196, 2 },
    { 0x6CFABE, 168, 4 },
    { 0x6C35B0, 228, 4 },
    { 0x6CADCE, 29, 1 },
    { 0x6E38FE, 304, 4 },
    { 0x70A020, 216, 4 },
    { 0x70A0D3, 216, 4 },
    { 0x70B2A7, 76, 1 },
    { 0x70D01D, 310, 4 },
    { 0x70D05A, 310, 4 },
    { 0x70D075, 257, 4 },
    { 0x70D090, 257, 4 },
    { 0x70D0AB, 263, 4 },
    { 0x70D0D2, 263, 4 },
    { 0x718990, 12, 4 },
    { 0x71899A, 7, 4 },
    { 0x7189A4, 12, 4 },
    { 0x7189AE, 7, 4 },
    { 0x7191B1, 12, 1 },
    { 0x719870, 12, 1 },
    { 0x719199, 7, 1 },
    { 0x719858, 7, 1 },
    { 0x718EF8, 16, 1 },
    { 0x718FD2, 443, 4 },
    { 0x71924A, 490, 4 },
    { 0x71AB6C, 84, 1 },
    { 0x71ABEB, 84, 1 },
    { 0x71ACC6, 84, 1 },
    { 0x71E62A, 76, 1 },
    { 0x7ACCBD, 116, 4 },
    { 0x7ACCC4, 339, 4 },
    { 0x7ACCCB, 220, 4 },
    { 0x7ACCD2, 1062993920, 4 },
    { 0x7AD085, 58, 4 },
    { 0x7AD08C, 170, 4 },
    { 0x7AD093, 110, 4 },
    { 0x7AD09A, 1054605312, 4 },
    { 0x793586, 72, 2 },
    { 0x793660, 0xFFD4, 2 },
    { 0x7936D7, 0xFFCC, 2 },
    { 0x7937AD, 0xFEE9, 2 },
    { 0x7937C8, 50, 2 },
    { 0x7937DA, 224, 2 },
    { 0x793C0B, 43, 2 },
    { 0x793CA9, 39, 2 },
    { 0x793F6F, 26, 2 },
    { 0x794045, 37, 2 },
    { 0x797014, 0xFFA8, 2 },
    { 0x79708B, 0xFFC0, 2 },
    { 0x797102, 0xFFDE, 2 },
    { 0x797177, 0, 2 },
    { 0x7971EE, 24, 2 },
    { 0x797200, 19, 2 },
    { 0x797212, 0, 2 },
};

inline constexpr CodePatch save_window_patches[] = {
    { 0x91C340 + 308, 120, 2 }, { 0x91C340 + 326, 120, 2 },
    { 0x91C340 + 460, 120, 2 }, { 0x91C340 + 478, 120, 2 },
    { 0x920EF0 + 44, 167, 2 }
};

inline constexpr CodePatch fr_de_code_patches[] = {
    { 0x702215, 113, 1 },
    { 0x7022BE, 113, 1 },
    { 0x70233E, 113, 1 },
    { 0x703334, 450, 4 },
    { 0x91F0B8, 163, 2 },
    { 0x91F0BA, 164, 2 },
    { 0x91F0BC, 315, 2 },
    { 0x91F0BE, 152, 2 },
    { 0x9261C8, 163, 2 },
    { 0x9261CA, 163, 2 },
    { 0x9261CC, 315, 2 },
    { 0x9261CE, 154, 2 },
};

inline constexpr CodePatch save_grid_tail_patches[] = {
    { 0x6FEF68, 140, 4 },
    { 0x72144B, 140, 4 },
    { 0x6FEF79, 0x45F6, 2 },
    { 0x72145C, 0x45F6, 2 },
};

inline constexpr CodePatch common_code_patches[] = {
    { 0x91D218, 5, 2 },
    { 0x91D21C, 629, 2 },
    { 0x9258D2, 0xFF05, 2 },
    { 0x7937D1, 128, 2 },
    { 0x793C14, 192, 2 },
    { 0x793C1D, 224, 2 },
    { 0x793CB2, 7, 2 },
    { 0x793CC4, 30, 2 },
    { 0x793F78, 7, 2 },
    { 0x793F8A, 46, 2 },
};

inline constexpr CodePatch hud2_loop_patches[] = {
    { 0x791745, 0x791AE0u - 0x791749u, 4 },
};

inline constexpr CodePatch materia_list_patches[] = {
    { 0x70B6CB, 198, 4 },
    { 0x71EA4E, 198, 4 },
};

inline constexpr CodePatch speed_jump_patches[] = {
    { 0x72D643, 0xE9, 1 },
};

inline constexpr CodePatch credits_code_patches[3][4] = {
    { { 0x7A9A2D, 550, 4 }, { 0x7A9A45, 550 * 64, 4 }, { 0x7AA760, 550, 4 }, { 0x7A7C2F, 550 - 11, 4 } },
    { { 0x7A9A2D, 543, 4 }, { 0x7A9A45, 543 * 64, 4 }, { 0x7AA760, 543, 4 }, { 0x7A7C2F, 543 - 11, 4 } },
    { { 0x7A9A2D, 542, 4 }, { 0x7A9A45, 542 * 64, 4 }, { 0x7AA760, 542, 4 }, { 0x7A7C2F, 542 - 11, 4 } }
};
inline constexpr CodePatch element_code_patches[3][2] = {
    { { 0x703ED5, 107, 1 }, { 0x703FC1, 107, 1 } },
    { { 0x703ED5, 123, 1 }, { 0x703FC1, 123, 1 } },
    { { 0x703ED5, 107, 1 }, { 0x703FC1, 107, 1 } }
};
inline constexpr CodePatch status_code_patches[2][2] = {
    { { 0x7040CE, 90, 1 }, { 0x704181, 90, 1 } },
    { { 0x7040CE, 106, 1 }, { 0x704181, 106, 1 } }
};
inline constexpr CodePatch name_glyph_patches[2][1] = {
    { { 0x719201, 67, 1 } }, { { 0x719201, 63, 1 } }
};
inline constexpr uint32_t help_texture_addresses[] = { 0x5F42FB, 0x5F4304 };
inline constexpr uint32_t name_table_addresses[] = { 0x718BF6, 0x7191E6 };
inline constexpr uint32_t hud2_palette_addresses[] = { 0x791828, 0x791831 };
inline constexpr BytePatch label_operands[] = { { 1, 0xE8 }, { 3, 0x50 } };
inline constexpr BytePatch materia_number_cleanup = { 41, 44 };
inline constexpr uint32_t materia_y = 350;
inline constexpr uint8_t name_columns[] = { 10, 11, 12 };
inline constexpr uint8_t time_offsets[] = { 104, 106 };
inline constexpr uint32_t speed_offsets[] = { 145, 179 };
inline constexpr uint32_t text_fixed_original = 0x6F62F7;
inline constexpr uint32_t ascii_original = 0x72F9F4;
inline constexpr uint32_t hud_table_addresses[] = { 0x791727, 0x791AE4, 0x791BD8, 0x791CCC, 0x791DC0, 0x791EB4 };
inline constexpr uint8_t hud_instruction_offsets[] = { 2, 0, 0, 0, 0, 0 };
inline constexpr uint8_t hud_count_offset = 0x19;
inline constexpr uint32_t hud2_entry_address = 0x79172D;
inline constexpr uint32_t hud2_palette_address = 0x791819;
inline constexpr uint32_t hud2_return_call = 0x79183C;
inline constexpr uint32_t hud2_return_address = 0x79173F;
inline constexpr uint8_t hud2_palette_rows[] = { 8, 8, 7 };
inline constexpr uint8_t hud_palette_offset = 12;
inline constexpr uint8_t hud2_palette_stride = 72;
inline constexpr uint32_t hud_rectangle_entries[] = { 0x791DC4, 0x791EB8 };
inline constexpr uint32_t hud_rectangle_compares[] = { 0x791DD6, 0x791ECA };
inline constexpr uint8_t hud64_selected_rows[] = { 5, 4, 8 };
inline constexpr uint8_t hud128_selected_row = 6;
inline constexpr uint32_t hud_rectangle_address = 0x791841;
inline constexpr uint8_t hud_rectangle_operands[] = { 1, 6, 11, 16 };
inline constexpr uint8_t hud_rectangle_field_offset = 4;
inline constexpr uint8_t hud_rectangle_return_offset = 7;
inline constexpr uint8_t label_call_offset = 4;
inline constexpr uint32_t label_cleanup_address = 0x703EB4;
inline constexpr uint8_t materia_y_offset = 5;
inline constexpr uint8_t materia_number_call_offset = 10;
inline constexpr uint32_t materia_number_original = 0x6F9C44;
inline constexpr uint32_t speed_buffer_address = 0x72D597;
inline constexpr uint32_t speed_args_address = 0x72D62B;
inline constexpr uint32_t speed_digits_address = 0x72D59E;
inline constexpr uint32_t speed_draw_calls[] = { 0x72D5BF, 0x72D5E0 };
inline constexpr uint32_t speed_jump_address = 0x72D643;
inline constexpr uint32_t wide_speed_args_address = 0x72D638;
inline constexpr std::array<uint32_t, 6> fr_de_text_exclusions = {
    0x6FEF67, 0x72144A, 0x703E4A, 0x703E69, 0x703E8B, 0x703EAC
};

inline uint8_t hud2[11][36];
inline uint8_t hud64[13][36];
inline uint8_t hud128[11][36];
inline uint8_t text_buffer[128];

inline constexpr const char *language_codes[] = { "en", "fr", "de", "es" };
inline constexpr const char *help_textures[] = { "data\\fhelp_1.tim", "data\\dhelp_1.tim", "data\\shelp_1.tim" };
inline constexpr const char *normal_help_textures[] = { "data\\fhelp.tim", "data\\dhelp.tim", "data\\shelp.tim" };
inline constexpr uint32_t credits_addresses[] = { 0x9258D4, 0x9258F4 };
inline constexpr uint32_t name_column_addresses[] = { 0x718BBF, 0x718BD6, 0x718BED, 0x7191DD };
inline constexpr uint32_t materia_number_addresses[] = { 0x70B68F, 0x71EA12 };
inline constexpr uint32_t materia_symbol_addresses[] = { 0x70B6A5, 0x71EA28 };
inline constexpr uint32_t time_argument_addresses[] = { 0x72D29B, 0x72D2C2, 0x72D3AC, 0x72D3D3 };
inline constexpr uint32_t time_offset_addresses[] = { 0x72D29D, 0x72D2C4, 0x72D3AE, 0x72D3D5 };
inline constexpr uint8_t label_args[] = { 0x83, 0xE8, 16, 0x50, 0xE8, 0, 0, 0, 0 };
inline constexpr std::array<uint8_t, 12> time_args = { 0x81, 0, 136, 0, 0, 0 };
inline constexpr std::array<uint8_t, 11> wide_speed_args = { 0x81, 0 };

inline constexpr BytePatch save_grid_patches[] = {
    { 0x6FED22, 5 }, { 0x6FED24, 2 },
    { 0x6FED2A, 5 }, { 0x6FED2C, 2 },
    { 0x6FEEB9, 70 }, { 0x6FEEBC, 0x51 },
    { 0x6FFA9B, 2 }, { 0x6FFADC, 2 }, { 0x6FFE39, 2 },
    { 0x7222D0, 5 }, { 0x7222D2, 2 },
    { 0x7222D8, 5 }, { 0x7222DA, 2 },
    { 0x7213A5, 70 }, { 0x7213A8, 0x42 },
    { 0x721494, 2 }, { 0x7219F5, 2 }, { 0x721E42, 2 }, { 0x721E81, 2 }
};

inline constexpr BytePatch save_grid_code[] = {
    { 0x6FEF67, 0xB8 }, { 0x6FEF75, 0 }, { 0x6FEF7C, 1 },
    { 0x6FEF7D, 0x74 }, { 0x6FEF86, 0x81 },
    { 0x72144A, 0xB8 }, { 0x721458, 0 }, { 0x72145F, 1 },
    { 0x721460, 0x74 }, { 0x721469, 0x81 }
};

inline constexpr BytePatch hud_references[] = {
    { 0x3C, 32 }, { 0x49, 28 }, { 0x56, 24 }, { 0x63, 20 },
    { 0x70, 16 }, { 0x7E, 12 }, { 0x8C, 6 }, { 0x9A, 4 },
    { 0xA8, 10 }, { 0xB6, 8 }, { 0xC4, 2 }, { 0xD8, 0 }
};

inline constexpr uint8_t hud2_entry[] = { 0xE9, 0, 0, 0, 0, 0x90, 0x90 };

inline constexpr uint8_t hud2_palette[] = {
    0xA1, 0x30, 0x83, 0xE9, 0,
    0x83, 0xF8, 1, 0x77, 0x12,
    0x83, 0xC0, 5, 0x66, 0xA3, 0, 0, 0, 0,
    0x83, 0xF0, 3, 0x66, 0xA3, 0, 0, 0, 0,
    0xC7, 0x45, 0xFC, 0, 0, 0, 0,
    0xE9, 0, 0, 0, 0
};

inline constexpr BytePatch hud64_copies[] = {
    { 0xE99374, 0 }, { 0xE99398, 1 }, { 0xE993E0, 3 }, { 0xE99404, 4 }
};

inline constexpr BytePatch hud128_copies[] = {
    { 0xE990B0, 0 }, { 0xE990D4, 1 }, { 0xE990F8, 2 }, { 0xE9911C, 3 }, { 0xE99140, 3 }
};

inline constexpr uint8_t hud_rectangle_copy[] = {
    0xA1, 0, 0, 0, 0, 0xA3, 0, 0, 0, 0,
    0xA1, 0, 0, 0, 0, 0xA3, 0, 0, 0, 0
};

inline constexpr uint8_t hud_rectangle_done[] = {
    0xC7, 0x45, 0xFC, 0, 0, 0, 0, 0xE9, 0, 0, 0, 0
};

inline constexpr BytePatch label_registers[] = {
    { 0x703E49, 1 }, { 0x703E68, 0 }, { 0x703E8A, 2 }, { 0x703EAB, 1 }
};

inline constexpr uint8_t label_cleanup[] = { 0x83, 0x65, 0xE8, 0x00, 0x83, 0xC4, 80 };

inline constexpr BytePatch materia_x_bytes[] = {
    { 0x70B695, 43 }, { 0x70B6B0, 30 }, { 0x70B712, 43 }, { 0x70B72D, 30 },
    { 0x70B748, 78 }, { 0x70B78C, 43 }, { 0x70B7A7, 30 },
    { 0x71EA18, 43 }, { 0x71EA33, 30 }, { 0x71EA95, 43 }, { 0x71EAB0, 30 },
    { 0x71EACB, 78 }, { 0x71EB0F, 43 }, { 0x71EB2A, 30 }
};

inline constexpr BytePatch materia_x_dwords[] = {
    { 0x70B616, 43 }, { 0x70B634, 30 }, { 0x70B652, 78 }, { 0x70B6CB, 78 }, { 0x70B7C2, 78 },
    { 0x71E999, 43 }, { 0x71E9B7, 30 }, { 0x71E9D5, 78 }, { 0x71EA4E, 78 }, { 0x71EB45, 78 }
};

inline constexpr uint8_t materia_number_args[] = {
    0x68, 0x4A, 0x01, 0x00, 0x00, 0x68, 0xAE, 0x00, 0x00, 0x00, 0xE8, 0x00, 0x00, 0x00, 0x00
};

inline constexpr uint8_t materia_symbol_args[] = {
    0x6A, 0xB3, 0x68, 0x4A, 0x01, 0x00, 0x00, 0x68, 0xA1, 0x00, 0x00, 0x00
};

inline constexpr uint8_t speed_buffer[] = { 0x8A, 0x45, 0xF9, 0x88, 0x45, 0xF8, 0x90 };

inline constexpr uint8_t speed_args[] = {
    0x6A, 0xFF, 0x0F, 0xBF, 0x45, 0x10, 0x83, 0xC0, 26, 0x50,
    0x0F, 0xBF, 0x4D, 0x0C, 0x83, 0xE9, 41, 0x51, 0x8D, 0x55, 0xF8, 0x52, 0x90, 0x90
};

inline constexpr uint8_t speed_digits_and_draws[] = {
    0x0F, 0xB7, 0x45, 0x08, 0x99, 0xB9, 0x64, 0x00, 0x00, 0x00,
    0xF7, 0xF9, 0x89, 0x45, 0xEC, 0x89, 0xD0, 0x99, 0xB9, 0x0A,
    0x00, 0x00, 0x00, 0xF7, 0xF9, 0x89, 0x45, 0xE8, 0x89, 0x55, 0xF4, 0xEB, 0x29,
    0xE8, 0x00, 0x00, 0x00, 0x00, 0x66, 0xC7, 0x45, 0xF8, 0x24, 0x00,
    0x8B, 0x45, 0xE4, 0xFF, 0x70, 0x04, 0x6A, 0xFF,
    0x0F, 0xBF, 0x45, 0x10, 0x50, 0x68, 0x8E, 0x01, 0x00, 0x00,
    0x8D, 0x55, 0xF8, 0x52, 0xE8, 0x00, 0x00, 0x00, 0x00, 0xEB, 0x61, 0x90
};

inline constexpr uint32_t text_width_calls[] = {
    0x6C0681, 0x6C06E0, 0x6C0A76, 0x6C4A1A, 0x6CB778, 0x6CDFF2, 0x6D84CF, 0x6DE76D,
    0x6E3B6D, 0x6E3C62, 0x6E4B20, 0x6FEF67, 0x6FF256, 0x6FF332, 0x701CB9, 0x701D01,
    0x703F9B, 0x70400E, 0x70415B, 0x7041D1, 0x705760, 0x70609C, 0x706269, 0x706BDA,
    0x7110B6, 0x719DFD, 0x71B53E, 0x720846, 0x72144A, 0x721655, 0x72173C
};

inline constexpr uint32_t text_draw_calls[] = {
    0x6C0672, 0x6C06D3, 0x6C0737, 0x6C0AD5, 0x6C208D, 0x6C2252, 0x6C31C8, 0x6C320D,
    0x6C3234, 0x6C326D, 0x6C32BA, 0x6C3308, 0x6C3359, 0x6C33C5, 0x6C3400, 0x6C3466,
    0x6C348B, 0x6C35B4, 0x6C35DE, 0x6C4B79, 0x6C4BE1, 0x6C5C13, 0x6C5C4C, 0x6C5C7D,
    0x6C645D, 0x6C6683, 0x6C66BC, 0x6C7046, 0x6C706B, 0x6C709A, 0x6C70BF, 0x6C70E7,
    0x6C710C, 0x6C7196, 0x6C71E8, 0x6C7211, 0x6C7236, 0x6C7D4B, 0x6C7D77, 0x6C7DA3,
    0x6C82B0, 0x6C82DD, 0x6C830A, 0x6C833B, 0x6C860E, 0x6C86A2, 0x6C86C1, 0x6C875B,
    0x6C8786, 0x6C87E2, 0x6C8829, 0x6C98FB, 0x6C997A, 0x6C99F5, 0x6C9A77, 0x6C9B49,
    0x6C9BC1, 0x6C9C44, 0x6CA975, 0x6CAAC9, 0x6CAB11, 0x6CADDA, 0x6CADFE, 0x6CB76B,
    0x6CCECB, 0x6CCF08, 0x6CCF43, 0x6CCF7F, 0x6CCFBC, 0x6CDED8, 0x6CDEF3, 0x6CDF38,
    0x6CE074, 0x6CE0EE, 0x6CE108, 0x6CE122, 0x6D7A91, 0x6D7B11, 0x6D8509, 0x6DD454,
    0x6DD4A1, 0x6DE68A, 0x6DE6D1, 0x6DE739, 0x6DEED5, 0x6DF49C, 0x6DFB63, 0x6DFD5A,
    0x6DFE71, 0x6E0813, 0x6E0B3F, 0x6E0D41, 0x6E0D5F, 0x6E0D7D, 0x6E0D9B, 0x6E13AB,
    0x6E186D, 0x6E201B, 0x6E3898, 0x6E38B3, 0x6E3902, 0x6E3BA1, 0x6E3BC4, 0x6E3C3A,
    0x6E3C77, 0x6E4B52, 0x6E4B6D, 0x6E4B91, 0x6FE368, 0x6FEED7, 0x6FEF53, 0x6FEFF5,
    0x6FF01F, 0x6FF049, 0x6FF195, 0x6FF212, 0x6FF22A, 0x6FF264, 0x6FF2C2, 0x6FF364,
    0x6FF3C3, 0x7000D8, 0x700117, 0x700173, 0x700192, 0x7001B4, 0x7001D9, 0x7010FF,
    0x701144, 0x701170, 0x70118A, 0x7011A4, 0x7011CC, 0x701CC4, 0x701D0C, 0x702275,
    0x70231C, 0x7023ED, 0x70244D, 0x70247A, 0x7024A6, 0x7024D5, 0x702507, 0x7025C9,
    0x7026AE, 0x7031BE, 0x70331D, 0x703338, 0x7036C8, 0x703E2E, 0x703E4A, 0x703E69,
    0x703E8B, 0x703EAC, 0x703FFA, 0x704061, 0x704080, 0x7040A5, 0x7041BD, 0x70466A,
    0x7046A9, 0x704703, 0x704722, 0x704744, 0x704769, 0x704D88, 0x704F1F, 0x705608,
    0x70571B, 0x705736, 0x705AE3, 0x705ED1, 0x705F48, 0x705F6C, 0x7060B1, 0x706131,
    0x706155, 0x70627E, 0x7062C1, 0x706340, 0x706377, 0x7063C7, 0x70643E, 0x706489,
    0x7064D1, 0x70654E, 0x7065A7, 0x706628, 0x7078E7, 0x7087B6, 0x708AF3, 0x708DA1,
    0x708E27, 0x709790, 0x709BB8, 0x70A17E, 0x70A24E, 0x70A304, 0x70A3CE, 0x70A4C5,
    0x70A565, 0x70A592, 0x70A5BE, 0x70ACD4, 0x70AD6F, 0x70AE01, 0x70B0F0, 0x70B113,
    0x70B28D, 0x70B2A8, 0x70B2C6, 0x70B2E4, 0x70B2FF, 0x70B31D, 0x70B3D5, 0x70B417,
    0x70B4A7, 0x70B4F4, 0x70B573, 0x70B5F3, 0x70B673, 0x70B6EF, 0x70B769, 0x70B7ED,
    0x70B812, 0x70B91F, 0x70BB94, 0x70C813, 0x70D021, 0x70D05E, 0x70D079, 0x70D094,
    0x70D0AF, 0x70D0D6, 0x70EEE3, 0x70EF43, 0x70EFE3, 0x70F1E0, 0x70F202, 0x70F224,
    0x70F394, 0x70F4C7, 0x710E44, 0x710EE9, 0x710F28, 0x710F65, 0x7110F9, 0x711224,
    0x711256, 0x7113AA, 0x7115B9, 0x7117F6, 0x7118CB, 0x7118FC, 0x711A3C, 0x711C4E,
    0x711E40, 0x711F15, 0x711F46, 0x711F8B, 0x71217A, 0x7152EF, 0x71536D, 0x71541E,
    0x7154D4, 0x715569, 0x71564A, 0x715846, 0x715A88, 0x71924E, 0x719402, 0x719E0D,
    0x71A18B, 0x71A1AD, 0x71ABA1, 0x71AC20, 0x71AC72, 0x71AC9D, 0x71ACFC, 0x71ADA0,
    0x71ADFB, 0x71AEDE, 0x71B133, 0x71B154, 0x71B178, 0x71B1A4, 0x71B1C5, 0x71B1E5,
    0x71B366, 0x71B393, 0x71B418, 0x71B443, 0x71B54E, 0x71B5A8, 0x71B5CD, 0x71B691,
    0x71B6C0, 0x71B6F2, 0x71B76A, 0x71B79E, 0x71B8B8, 0x71B92E, 0x71BC16, 0x71BC33,
    0x71BC53, 0x71BC73, 0x71BC93, 0x71BCB3, 0x71BCD3, 0x71BE86, 0x71BF0F, 0x71C076,
    0x71E473, 0x71E496, 0x71E610, 0x71E62B, 0x71E649, 0x71E667, 0x71E682, 0x71E6A0,
    0x71E758, 0x71E79A, 0x71E82A, 0x71E877, 0x71E8F6, 0x71E976, 0x71E9F6, 0x71EA72,
    0x71EAEC, 0x71EB70, 0x71EB95, 0x71ECA2, 0x71EF17, 0x7207B5, 0x72091D, 0x72093F,
    0x720961, 0x720983, 0x7213C0, 0x721435, 0x721594, 0x721611, 0x721629, 0x721663,
    0x7216C1, 0x72176E, 0x721805, 0x721838, 0x721861, 0x779440
};

inline constexpr uint32_t text_fixed_draw_calls[] = {
    0x6C5C9B, 0x6C5CF5, 0x6C5D98, 0x6C647B, 0x6C64D4, 0x6C6573, 0x6DD014
};

inline constexpr uint32_t ascii_draw_calls[] = {
    0x72D257, 0x72D2A7, 0x72D2CE, 0x72D360, 0x72D3B8, 0x72D3DF, 0x72D643, 0x72D6AA,
    0x72D773, 0x72D7A5, 0x72F37A, 0x72F3BB, 0x72F3E9, 0x72F430, 0x72F45E, 0x72F4A5,
    0x72F4E0, 0x72F52C, 0x72F557, 0x72F5AA, 0x72F675, 0x72F761, 0x72F7D6, 0x72F82A,
    0x72F87E, 0x72F8D2, 0x72F923, 0x72F9C5, 0x72F9E9
};

inline constexpr Text fr_text[] = {
    { 0x00919970, "\x33\x4F\x55\x48\x41\x49\x54\x45\x5A\x0D\x56\x4F\x55\x53\x00\x51\x55\x49\x54\x54\x45\x52\xFF" },
    { 0x0091998E, "\x4C\x41\x00\x50\x41\x52\x54\x49\x45\x00\x45\x4E\x00\x43\x4F\x55\x52\x53\x1F\xFF" },
    { 0x009199AC, "\xFF" },
    { 0x009199D0, "\x2F\x55\x49\xFF" },
    { 0x009199D4, "\x2E\x4F\x4E\xFF" },
    { 0x00919EA8, "\x23\x4F\x55\x4C\x45\x55\x52\x00\x44\x45\x00\x46\x45\x4E\x70\x54\x52\x45\xFF" },
    { 0x00919ED8, "\x33\x4F\x4E\xFF" },
    { 0x00919F08, "\x21\x35\x34\x32\x25\xFF" },
    { 0x00919F38, "\x23\x55\x52\x53\x45\x55\x52\xFF" },
    { 0x00919F68, "\x23\x34\x21\xFF" },
    { 0x00919F98, "\x36\x49\x54\x45\x53\x53\x45\x00\x44\x45\x00\x43\x4F\x4D\x42\x41\x54\xFF" },
    { 0x00919FC8, "\x2D\x45\x53\x53\x41\x47\x45\x00\x44\x45\x00\x43\x4F\x4D\x42\x41\x54\xFF" },
    { 0x00919FF8, "\x2D\x45\x53\x53\x41\x47\x45\x00\x44\x45\x00\x54\x45\x52\x52\x41\x49\x4E\xFF" },
    { 0x0091A028, "\x21\x4E\x47\x4C\x45\x00\x44\x45\x00\x56\x55\x45\xFF" },
    { 0x0091A208, "\x2E\x4F\x52\x4D\x41\x4C\xFF" },
    { 0x0091A238, "\x30\x45\x52\x53\x4F\x4E\x4E\x41\x4C\x49\x53\x45\x52\xFF" },
    { 0x0091A268, "\x2F\x52\x49\x47\x49\x4E\x45\xFF" },
    { 0x0091A298, "\x2D\x6E\x4D\x4F\x49\x52\x45\xFF" },
    { 0x0091A2C8, "\x21\x43\x54\x49\x46\xFF" },
    { 0x0091A2F8, "\x32\x45\x43\x4F\x4D\x4D\x41\x4E\x44\x6E\xFF" },
    { 0x0091A328, "\x21\x54\x54\x45\x4E\x54\x45\xFF" },
    { 0x0091A358, "\x21\x55\x54\x4F\xFF" },
    { 0x0091A388, "\x26\x49\x58\x45\xFF" },
    { 0x0091A3E8, "\x2C\x45\x4E\x54\xFF" },
    { 0x0091A418, "\x36\x49\x54\x45\xFF" },
    { 0x0091A4D8, "\x2F\x52\x44\x52\x45\x00\x44\x45\x00\x4D\x41\x47\x49\x45\xFF" },
    { 0x0091A508, "\x32\x45\x53\x54\x41\x55\x52\xFF" },
    { 0x0091A538, "\x21\x54\x54\x41\x51\x55\x45\xFF" },
    { 0x0091A568, "\x29\x4E\x44\x49\x52\x0E\xFF" },
    { 0x0091A5C8, "\x2E\x4F\x0E\xFF" },
    { 0x0091A888, "\x23\x4F\x4E\x46\x49\x47\x55\x52\x45\x52\x00\x36\x4F\x4C\x55\x4D\x45\x00\x53\x4F\x4E\x4F\x52\x45\x00\x45\x54\x00\x4D\x55\x53\x49\x43\x41\x4C\xFF" },
    { 0x0091A8A1, "\x2E\x4F\x4E\x00\x53\x55\x50\x50\x4F\x52\x54\x6E\x0E\xFF" },
    { 0x0091A8C0, "\x25\x4C\x6E\x4D\x45\x4E\x54\xFF" },
    { 0x0091A8D4, "\x2D\x41\x47\x49\x45\xFF" },
    { 0x0091A8E8, "\x2D\x41\x54\x45\x52\x49\x41\xFF" },
    { 0x0091A8FC, "\x25\x51\x55\x49\x50\x45\x52\xFF" },
    { 0x0091A910, "\x25\x54\x41\x54\xFF" },
    { 0x0091A924, "\x30\x4C\x41\x43\x45\x52\xFF" },
    { 0x0091A938, "\x2C\x49\x4D\x49\x54\x45\xFF" },
    { 0x0091A94C, "\x23\x4F\x4E\x46\x49\x47\xFF" },
    { 0x0091A960, "\x30\x28\x33\xFF" },
    { 0x0091A974, "\x25\x4E\x52\x45\x47\x49\x53\x54\x52\x45\x52\xFF" },
    { 0x0091A988, "\x31\x55\x49\x54\x54\x45\x52\xFF" },
    { 0x0091A9D8, "\x34\x50\x53\xFF" },
    { 0x0091A9EC, "\x27\x49\x4C\x53\xFF" },
    { 0x0091AA00, "\x2E\x36\x00\x53\x55\x49\x56\x0E\xFF" },
    { 0x0091AA14, "\x2C\x49\x4D\x49\x54\x45\x53\xFF" },
    { 0x0091AA28, "\x23\x4F\x4D\x4D\x45\x4E\x54\x00\x4A\x4F\x55\x45\x52\xFF" },
    { 0x0091AA50, "\x2E\x36\x0B\x11\xFF" },
    { 0x0091AA64, "\x26\x55\x52\x45\x55\x52\xFF" },
    { 0x0091AA78, "\x34\x52\x49\x53\x54\x45\x53\x53\x45\xFF" },
    { 0x0091ACB0, "\x21\x50\x50\x55\x59\x45\x52\x00\x53\x55\x52\x00\x3B\x21\x2E\x2E\x35\x2C\x25\x32\x3D\x00\x50\x4F\x55\x52\x00\x51\x55\x49\x54\x54\x45\x52\x0E\xFF" },
    { 0x0091ACE2, "\x21\x50\x50\x55\x59\x45\x52\x00\x53\x55\x52\x00\x3B\x2F\x2B\x3D\xFF" },
    { 0x0091AD14, "\x50\x4F\x55\x52\x00\x43\x4F\x4E\x46\x49\x47\x55\x52\x45\x52\x00\x4C\x45\x53\x00\x54\x4F\x55\x43\x48\x45\x53\x0E\xFF" },
    { 0x0091AD46, "\x3B\x2F\x2B\x3D\xFF" },
    { 0x0091AD78, "\x3B\x21\x2E\x2E\x35\x2C\x25\x32\x3D\xFF" },
    { 0x0091ADAA, "\x3B\x2D\x25\x2E\x35\x3D\xFF" },
    { 0x0091ADDC, "\x3B\x23\x28\x21\x2E\x27\x25\x32\x3D\xFF" },
    { 0x0091AE0E, "\x3B\x30\x21\x27\x25\x00\x28\x21\x35\x34\x3D\xFF" },
    { 0x0091AE40, "\x3B\x30\x21\x27\x25\x00\x22\x21\x33\x3D\xFF" },
    { 0x0091AE72, "\x3B\x23\x21\x2D\x25\x32\x21\x3D\xFF" },
    { 0x0091AEA4, "\x3B\x23\x29\x22\x2C\x25\x3D\xFF" },
    { 0x0091AED6, "\x3B\x21\x33\x33\x29\x33\x34\x25\x32\x3D\xFF" },
    { 0x0091AF08, "\x3B\x24\x25\x2D\x21\x32\x32\x25\x32\x3D\xFF" },
    { 0x0091AF3A, "\x3B\x28\x21\x35\x34\x3D\xFF" },
    { 0x0091AF6C, "\x3B\x22\x21\x33\x3D\xFF" },
    { 0x0091AF9E, "\x3B\x27\x21\x35\x23\x28\x25\x3D\xFF" },
    { 0x0091AFD0, "\x3B\x24\x32\x2F\x29\x34\x25\x3D\xFF" },
    { 0x0091B002, "\x23\x2C\x21\x36\x29\x25\x32\xFF" },
    { 0x0091B034, "\x2A\x2F\x39\x33\x34\x29\x23\x2B\xFF" },
    { 0x0091E7E0, "\x30\x41\x55\x53\x45\xFF" },
    { 0x0091E83C, "\x33\x4F\x4D\x4D\x45\x49\x4C\xFF" },
    { 0x0091E846, "\x30\x4F\x49\x53\x4F\x4E\xFF" },
    { 0x0091E850, "\x34\x52\x49\x53\x54\x45\x53\x53\x45\xFF" },
    { 0x0091E85A, "\x26\x55\x52\x45\x55\x52\xFF" },
    { 0x0091E864, "\x23\x4F\x4E\x46\x55\x53\x49\x4F\x4E\xFF" },
    { 0x0091E86E, "\x33\x49\x4C\x45\x4E\x43\x45\xFF" },
    { 0x0091E878, "\x28\x69\x54\x45\xFF" },
    { 0x0091E882, "\x32\x41\x4C\x45\x4E\x54\x49\x52\xFF" },
    { 0x0091E88C, "\x21\x52\x52\x70\x54\x45\x52\xFF" },
    { 0x0091E8B4, "\x30\x6E\x54\x52\x49\x46\x49\x45\x52\xFF" },
    { 0x0091E8BE, "\x52\x45\x47\x45\x4E\xFF" },
    { 0x0091E8DC, "\x64\xFF" },
    { 0x0091E8F0, "\x64\xFF" },
    { 0x0091E90E, "\x52\x45\x46\x4C\x45\x54\xFF" },
    { 0x0091E918, "\x24\x4F\x55\x42\x4C\x45\xFF" },
    { 0x0091E922, "\x22\x4F\x55\x43\x4C\x49\x45\x52\xFF" },
    { 0x0091E92C, "\x64\xFF" },
    { 0x0091E9A0, "\x23\x4F\x4D\x42\x49\x45\x4E\x00\x56\x41\x53\x0D\x54\x55\x00\x46\x41\x49\x52\x45\x00\x1F\xFF" },
    { 0x0091E9BC, "\x27\x49\x4C\xFF" },
    { 0x0091E9C0, "\x21\x50\x52\x6F\x53\xFF" },
    { 0x0091E9C8, "\x27\x49\x4C\x53\x00\x45\x4E\x00\x4D\x41\x49\x4E\xFF" },
    { 0x0091EB88, "\x23\x4F\x4E\x54\x49\x4E\x55\x45\x52\x00\x1F\xFF" },
    { 0x0091EB98, "\x22\x49\x45\x4E\x00\x53\x7E\x52\x00\x01\x00\x00\x00\x00\x33\x7E\x52\x45\x4D\x45\x4E\x54\x00\x50\x41\x53\x00\x01\xFF" },
    { 0x0091EBB0, "\x2E\x4F\x4D\x42\x52\x45\x00\x41\x43\x54\x55\x45\x4C\x00\x44\x45\x00\x50\x4F\x49\x4E\x54\x53\x00\x44\x45\x00\x43\x4F\x4D\x42\x41\x54\xFF" },
    { 0x0091EBC6, "\x24\x6E\x4D\x41\x52\x52\x41\x47\x45\x00\x44\x45\x00\x4C\x41\x00\x52\x4F\x55\x4C\x45\x54\x54\x45\x00\x01\xFF" },
    { 0x0091EBDC, "\x33\x35\x30\x25\x32\x00\x01\x01\xFF" },
    { 0x0091EC08, "\x21\x4C\x4F\x52\x53\x0C\x00\x56\x41\x53\x0D\x59\x00\x01\xFF" },
    { 0x0091EC28, "\xB2\x2D\x41\x54\x45\x52\x49\x41\x00\x4D\x41\x47\x49\x51\x55\x45\x00\x43\x41\x53\x53\x6E\x45\x0E\xB3\xFF" },
    { 0x0091EC48, "\xB2\x2D\x41\x54\x45\x52\x49\x41\x00\x44\x07\x49\x4E\x56\x4F\x43\x41\x54\x49\x4F\x4E\x00\x43\x41\x53\x53\x6E\x45\x0E\xB3\xFF" },
    { 0x0091EC68, "\xB2\x2D\x41\x54\x45\x52\x49\x41\x00\x44\x45\x00\x53\x4F\x55\x54\x49\x45\x4E\x00\x43\x41\x53\x53\x6E\x45\x0E\xB3\xFF" },
    { 0x0091EC88, "\xB2\x2D\x41\x54\x45\x52\x49\x41\x00\x49\x4E\x44\x6E\x50\x45\x4E\x44\x41\x4E\x54\x45\x00\x43\x41\x53\x53\x6E\x45\x0E\xB3\xFF" },
    { 0x0091ECA8, "\xB2\x2D\x41\x54\x45\x52\x49\x41\x00\x44\x45\x00\x43\x4F\x4D\x4D\x41\x4E\x44\x45\x00\x43\x41\x53\x53\x6E\x45\x0E\xB3\xFF" },
    { 0x0091ECC8, "\xB2\x34\x4F\x55\x54\x45\x00\x4C\x41\x00\x4D\x41\x54\x45\x52\x49\x41\x00\x45\x53\x54\x00\x43\x41\x53\x53\x6E\x45\x0E\xB3\xFF" },
    { 0x0091ECE8, "\xB2\x21\x43\x43\x45\x53\x53\x4F\x49\x52\x45\x00\x43\x41\x53\x53\x6E\x0E\xB3\xFF" },
    { 0x0091ED08, "\xB2\x23\x4F\x4D\x4D\x41\x4E\x44\x45\x00\x6E\x4C\x6E\x4D\x45\x4E\x54\x00\x53\x43\x45\x4C\x4C\x6E\x45\x0E\xB3\xFF" },
    { 0x0091ED28, "\xB2\x21\x52\x4D\x55\x52\x45\x00\x43\x41\x53\x53\x6E\x45\x0E\xB3\xFF" },
    { 0x0091ED48, "\xB2\x21\x52\x4D\x45\x00\x43\x41\x53\x53\x6E\x45\x0E\xB3\xFF" },
    { 0x0091ED68, "\xB2\x11\x0F\x12\x00\x56\x49\x54\x45\x53\x53\x45\x0E\xB3\xFF" },
    { 0x0091ED88, "\xB2\x11\x0F\x12\x00\x50\x52\x6E\x43\x49\x53\x49\x4F\x4E\x0E\xB3\xFF" },
    { 0x0091EDA8, "\xB2\x2D\x49\x4E\x49\x4D\x55\x4D\xB3\xFF" },
    { 0x0091EDC8, "\xB2\x30\x4F\x49\x53\x4F\x4E\xB3\xFF" },
    { 0x0091EDE8, "\xB2\x23\x52\x41\x50\x41\x55\x44\xB3\xFF" },
    { 0x0091EE08, "\xB2\x30\x45\x52\x54\x45\x00\x44\x45\x00\x54\x45\x4D\x50\x53\x00\x58\x13\x10\x0E\xB3\xFF" },
    { 0x0091EE28, "\xB2\x22\x41\x49\x53\x53\x45\x00\x44\x45\x00\x15\x00\x4E\x49\x56\x45\x41\x55\x58\x0E\xB3\xFF" },
    { 0x0091EE48, "\xB2\x22\x41\x49\x53\x53\x45\x00\x44\x45\x00\x11\x10\x00\x4E\x49\x56\x45\x41\x55\x58\x0E\xB3\xFF" },
    { 0x0091EE68, "\xB2\x11\x0F\x12\x00\x28\x30\x0E\xB3\xFF" },
    { 0x0091EE88, "\xB2\x11\x0F\x12\x00\x2D\x30\x0E\xB3\xFF" },
    { 0x0091EEA8, "\xB2\x11\x0F\x12\x00\x28\x30\x06\x2D\x30\x0E\xB3\xFF" },
    { 0x0091EEC8, "\xB2\x3A\x6E\x52\x4F\x00\x2D\x30\x0E\xB3\xFF" },
    { 0x0091EEE8, "\xB2\x2F\x55\x49\x00\x01\x00\x21\x55\x43\x55\x4E\x45\x00\x01\x01\xB3\xFF" },
    { 0x0091EF08, "\xB2\x28\x30\x00\x52\x45\x53\x54\x41\x55\x52\x6E\x53\x0E\xB3\xFF" },
    { 0x0091EF28, "\x29\x4E\x51\x55\x49\x45\x54\x00\x50\x4F\x55\x52\x00\x4C\x45\x53\x00\x41\x55\x54\x52\x45\x53\x00\x4D\x45\x4D\x42\x52\x45\x53\x00\x1F\xFF" },
    { 0x0091EF4A, "\x2F\x55\x41\x49\x53\x0C\x00\x55\x4E\x00\x50\x45\x55\xFF" },
    { 0x0091EF6C, "\x30\x41\x53\x00\x56\x52\x41\x49\x4D\x45\x4E\x54\xFF" },
    { 0x0091F0E0, "\x25\x4E\x52\x45\x47\x49\x53\x54\x52\x45\x52\xFF" },
    { 0x0091F140, "\x32\x45\x46\x4F\x52\x4D\x45\x52\xFF" },
    { 0x0091F166, "\x33\x6E\x50\x41\x52\x45\x00\x54\x45\x53\x00\x41\x4C\x4C\x49\x6E\x53\x00\x45\x4E\x00\x44\x45\x55\x58\x00\x47\x52\x4F\x55\x50\x45\x53\x0E\xFF" },
    { 0x0091F18C, "\x33\x6E\x50\x41\x52\x45\x00\x54\x45\x53\x00\x41\x4C\x4C\x49\x6E\x53\x00\x45\x4E\x00\x54\x52\x4F\x49\x53\x00\x47\x52\x4F\x55\x50\x45\x53\x0E\xFF" },
    { 0x0091F1B2, "\x26\x4F\x52\x4D\x45\x00\x55\x4E\x00\x47\x52\x4F\x55\x50\x45\x00\x44\x45\x00\x44\x45\x55\x58\x00\x4D\x45\x4D\x42\x52\x45\x53\x0E\xFF" },
    { 0x0091F1D8, "\x26\x4F\x52\x4D\x45\x00\x55\x4E\x00\x47\x52\x4F\x55\x50\x45\x00\x44\x45\x00\x54\x52\x4F\x49\x53\x00\x4D\x45\x4D\x42\x52\x45\x53\x0E\xFF" },
    { 0x0091F1FE, "\x21\x50\x50\x55\x49\x45\x00\x53\x55\x52\x00\x4C\x41\x00\x54\x4F\x55\x43\x48\x45\x00\x2D\x45\x4E\x55\x0E\xFF" },
    { 0x0091F422, "\x21\x52\x4D\x0E\xFF" },
    { 0x0091F438, "\x21\x4D\x52\x0E\xFF" },
    { 0x0091F44E, "\x21\x43\x43\x0E\xFF" },
    { 0x0091F464, "\x2E\x49\x56\x45\x41\x55\x00\x44\x45\x53\x00\x4C\x49\x4D\x49\x54\x45\x53\x00\x1A\xFF" },
    { 0x0091F4D8, "\x2E\x29\x36\x25\x21\x35\x00\x11\xFF" },
    { 0x0091F4FC, "\x2E\x29\x36\x25\x21\x35\x00\x12\xFF" },
    { 0x0091F520, "\x2E\x29\x36\x25\x21\x35\x00\x13\xFF" },
    { 0x0091F544, "\x2E\x29\x36\x25\x21\x35\x00\x14\xFF" },
    { 0x0091F568, "\x24\x6E\x46\x49\x4E\x49\x52\x00\x2D\x21\x38\x0E\x2C\x29\x2D\x29\x34\x25\x33\xFF" },
    { 0x0091F58C, "\x23\x4F\x4E\x46\x49\x47\x55\x52\x45\x52\xFF" },
    { 0x0091F5B0, "\x36\x6E\x52\x49\x46\x49\x45\x52\xFF" },
    { 0x0091F5D4, "\x30\x4F\x55\x52\x00\x4D\x4F\x44\x49\x46\x49\x45\x52\x00\x4C\x45\x00\x2D\x21\x38\x0E\x2C\x29\x2D\x29\x34\x25\x33\x0C\x00\x49\x4C\xFF" },
    { 0x0091F5F8, "\x44\x4F\x49\x54\x00\x43\x4F\x4D\x4D\x45\x4E\x43\x45\x52\x00\x41\x55\x00\x30\x4F\x49\x4E\x54\x00\x2C\x49\x4D\x49\x54\x45\x00\x10\x0E\xFF" },
    { 0x0091F61C, "\x2D\x4F\x44\x49\x46\x49\x45\x52\x00\x4C\x45\x00\x2D\x21\x38\x0E\x2C\x29\x2D\x29\x34\x25\x33\x00\x1F\xFF" },
    { 0x0091F640, "\x2F\x55\x49\xFF" },
    { 0x0091F664, "\x2E\x4F\x4E\xFF" },
    { 0x0091F688, "\x2C\x49\x4D\x49\x54\x45\x00\x44\x6E\x46\x49\x4E\x49\x45\x00\x01\xFF" },
    { 0x0091F6AC, "\x33\x6E\x4C\x45\x43\x54\x49\x4F\x4E\x4E\x45\x00\x55\x4E\x00\x2E\x29\x36\x25\x21\x35\x0E\xFF" },
    { 0x00920540, "\x26\x45\x55\xFF" },
    { 0x0092054A, "\x27\x4C\x41\x43\x45\xFF" },
    { 0x00920554, "\x26\x4F\x55\x44\x52\x45\xFF" },
    { 0x0092055E, "\x34\x45\x52\x52\x45\xFF" },
    { 0x00920568, "\x30\x4F\x49\x53\x4F\x4E\xFF" },
    { 0x00920572, "\x27\x52\x41\x56\x49\x54\x6E\xFF" },
    { 0x0092057C, "\x25\x41\x55\xFF" },
    { 0x00920586, "\x36\x45\x4E\x54\xFF" },
    { 0x00920590, "\x33\x41\x43\x52\x45\xFF" },
    { 0x009205A0, "\x2D\x4F\x52\x54\xFF" },
    { 0x009205B4, "\x31\x55\x41\x53\x49\x0D\x4D\x4F\x52\x54\xFF" },
    { 0x009205C8, "\x33\x4F\x4D\x4D\x45\x49\x4C\xFF" },
    { 0x009205DC, "\x30\x4F\x49\x53\x4F\x4E\xFF" },
    { 0x009205F0, "\x34\x52\x49\x53\x54\x45\xFF" },
    { 0x00920604, "\x26\x55\x52\x49\x45\xFF" },
    { 0x00920618, "\x23\x4F\x4E\x46\x55\x53\x49\x4F\x4E\xFF" },
    { 0x0092062C, "\x33\x49\x4C\x45\x4E\x43\x45\xFF" },
    { 0x00920640, "\x28\x69\x54\x45\xFF" },
    { 0x00920654, "\x2C\x45\x4E\x54\xFF" },
    { 0x00920668, "\x33\x54\x4F\x50\xFF" },
    { 0x0092067C, "\x27\x52\x45\x4E\x4F\x55\x49\x4C\x4C\x45\xFF" },
    { 0x00920690, "\x2D\x49\x4E\x49\xFF" },
    { 0x009206A4, "\x2C\x45\x4E\x54\x45\x00\x41\x50\x41\x54\x48\x49\x45\xFF" },
    { 0x009206B8, "\x30\x6E\x54\x52\x49\x46\x49\x45\x52\xFF" },
    { 0x009206CC, "\x32\x45\x47\x45\x4E\xFF" },
    { 0x009206E0, "\x22\x41\x52\x52\x49\x6F\x52\x45\xFF" },
    { 0x009206F4, "\x22\x41\x52\x52\x2D\xFF" },
    { 0x00920708, "\x32\x45\x46\x4C\x45\x54\xFF" },
    { 0x00920730, "\x22\x4F\x55\x43\x4C\x49\x45\x52\xFF" },
    { 0x00920744, "\x30\x45\x49\x4E\x45\x00\x44\x45\x00\x4D\x4F\x52\x54\xFF" },
    { 0x00920758, "\x2D\x41\x4E\x49\x50\x55\x4C\x45\x52\xFF" },
    { 0x0092076C, "\x26\x4F\x4C\x49\x45\xFF" },
    { 0x00920780, "\x33\x41\x4E\x53\x00\x50\x41\x52\x45\x49\x4C\xFF" },
    { 0x00920794, "\x30\x41\x52\x41\x4C\x59\x53\x49\x45\xFF" },
    { 0x009207A8, "\x2F\x42\x53\x43\x55\x52\x49\x54\x6E\xFF" },
    { 0x009207C0, "\x25\x4C\x0E\x00\x22\x41\x53\x45\xFF" },
    { 0x009207CF, "\x25\x46\x46\x45\x54\xFF" },
    { 0x009207DE, "\x21\x54\x54\x41\x51\x55\x45\xFF" },
    { 0x009207ED, "\x24\x6E\x46\x45\x4E\x53\x45\xFF" },
    { 0x009207FC, "\x2D\x4F\x49\x54\x49\x6E\xFF" },
    { 0x0092080B, "\x33\x41\x4E\x53\x00\x45\x46\x46\x45\x54\xFF" },
    { 0x0092081A, "\x21\x42\x53\x4F\x52\x50\x54\x49\x4F\x4E\xFF" },
    { 0x00920856, "\x26\x4F\x52\x43\x45\xFF" },
    { 0x00920865, "\x24\x45\x58\x54\x6E\x52\x49\x54\x6E\xFF" },
    { 0x00920874, "\x36\x49\x54\x41\x4C\x49\x54\x6E\xFF" },
    { 0x00920883, "\x2D\x41\x47\x49\x45\xFF" },
    { 0x00920892, "\x25\x53\x50\x52\x49\x54\xFF" },
    { 0x009208A1, "\x23\x48\x41\x4E\x43\x45\xFF" },
    { 0x009208B0, "\x21\x54\x54\x41\x51\x55\x45\xFF" },
    { 0x009208BF, "\x05\x00\x21\x54\x54\x41\x51\x55\x45\xFF" },
    { 0x009208CE, "\x24\x6E\x46\x45\x4E\x53\x45\xFF" },
    { 0x009208DD, "\x05\x00\x24\x6E\x46\x45\x4E\x53\x45\xFF" },
    { 0x009208EC, "\x21\x54\x51\x45\x00\x4D\x41\x47\xFF" },
    { 0x009208FB, "\x24\x6E\x46\x00\x4D\x41\x47\xFF" },
    { 0x0092090A, "\x05\x00\x24\x6E\x46\x00\x4D\x41\x47\xFF" },
    { 0x00920919, "\x21\x52\x4D\x0E\xFF" },
    { 0x00920928, "\x21\x4D\x52\x0E\xFF" },
    { 0x00920937, "\x21\x43\x43\x0E\xFF" },
    { 0x00920946, "\x2C\x49\x4D\x49\x54\x45\x53\x00\x1A\xFF" },
    { 0x009209A8, "\x21\x52\x4D\x0E\xFF" },
    { 0x009209B4, "\x21\x4D\x52\x0E\xFF" },
    { 0x009209C0, "\x21\x43\x43\x0E\xFF" },
    { 0x009209CC, "\x21\x43\x43\x0E\xFF" },
    { 0x009209D8, "\x26\x4F\x52\x43\x45\xFF" },
    { 0x009209E4, "\x24\x45\x58\x54\x6E\x52\x49\x54\x6E\xFF" },
    { 0x009209F0, "\x36\x49\x54\x41\x4C\x49\x54\x6E\xFF" },
    { 0x009209FC, "\x2D\x41\x47\x49\x45\xFF" },
    { 0x00920A08, "\x25\x53\x50\x52\x49\x54\xFF" },
    { 0x00920A14, "\x23\x48\x41\x4E\x43\x45\xFF" },
    { 0x00920A20, "\x21\x54\x54\x41\x51\x55\x45\xFF" },
    { 0x00920A2C, "\x05\x00\x21\x54\x54\x41\x51\x55\x45\xFF" },
    { 0x00920A38, "\x24\x6E\x46\x45\x4E\x53\x45\xFF" },
    { 0x00920A44, "\x05\x00\x24\x6E\x46\x45\x4E\x53\x45\xFF" },
    { 0x00920A50, "\x21\x54\x51\x45\x00\x4D\x41\x47\xFF" },
    { 0x00920A5C, "\x24\x6E\x46\x00\x4D\x41\x47\xFF" },
    { 0x00920A68, "\x05\x00\x24\x6E\x46\x00\x4D\x41\x47\xFF" },
    { 0x00920A74, "\x2F\x52\x49\x46\x49\x43\x45\x00\x1A\xFF" },
    { 0x00920A80, "\x21\x55\x47\x4D\x45\x4E\x54\x41\x54\x49\x4F\x4E\x00\x1A\xFF" },
    { 0x00920A8C, "\x21\x55\x43\x55\x4E\x45\xFF" },
    { 0x00920A98, "\x2E\x4F\x52\x4D\x41\x4C\x45\xFF" },
    { 0x00920AA4, "\x24\x4F\x55\x42\x4C\x45\xFF" },
    { 0x00920AB0, "\x34\x52\x49\x50\x4C\x45\xFF" },
    { 0x00920B18, "\x36\x45\x55\x58\x0D\x54\x55\x00\x56\x52\x41\x49\x4D\x45\x4E\x54\x00\x52\x45\x54\x49\x52\x45\x52\x00\x43\x45\x43\x49\x00\x1F\xFF" },
    { 0x00920B3C, "\x2F\x55\x49\x0C\x00\x56\x52\x41\x49\x4D\x45\x4E\x54\x00\x01\xFF" },
    { 0x00920B60, "\x35\x4E\x00\x49\x4E\x53\x54\x41\x4E\x54\xFF" },
    { 0x00920B84, "\x33\x45\x50\x48\x49\x52\x4F\x54\x48\xB2\xA9\xA9\xB3\xFF" },
    { 0x00920BA8, "\x21\x52\x4D\x0E\xFF" },
    { 0x00920BBC, "\x21\x4D\x52\x0E\xFF" },
    { 0x00920BD0, "\x2C\x49\x53\x54\x45\x00\x44\x45\x00\x50\x4F\x55\x56\x4F\x49\x52\x53\xFF" },
    { 0x00920BE4, "\x25\x46\x46\x45\x54\x00\x6E\x51\x55\x49\x50\x45\x4D\x45\x4E\x54\xFF" },
    { 0x00920BF8, "\x36\x6E\x52\x49\x46\x49\x45\x52\xFF" },
    { 0x00920C0C, "\x21\x52\x52\x41\x4E\x47\x45\x52\xFF" },
    { 0x00920C34, "\x21\x30\xFF" },
    { 0x00920C48, "\x2E\x49\x56\x45\x41\x55\x00\x53\x55\x49\x56\x41\x4E\x54\xFF" },
    { 0x00920C5C, "\x2D\x41\x74\x54\x52\x45\xFF" },
    { 0x00920C70, "\x21\x52\x52\x41\x4E\x47\x45\x52\xFF" },
    { 0x00920C84, "\x25\x43\x48\x41\x4E\x47\x45\x52\xFF" },
    { 0x00920C98, "\x32\x45\x54\x49\x52\x45\x52\x00\x54\x4F\x55\x54\xFF" },
    { 0x00920CAC, "\x30\x4F\x55\x42\x45\x4C\x4C\x45\xFF" },
    { 0x00920CD4, "\x36\x49\x54\x45\x53\x53\x45\xFF" },
    { 0x00920CE8, "\x30\x52\x4F\x54\x6F\x47\x45\xFF" },
    { 0x00920CFC, "\x30\x4F\x55\x56\x4F\x49\x52\x00\x4D\x41\x47\x0E\xFF" },
    { 0x00920D10, "\x23\x48\x41\x4E\x43\x45\xFF" },
    { 0x00920D24, "\x2D\x41\x74\x54\x52\x45\xFF" },
    { 0x00920D38, "\x26\x4F\x52\x43\x45\xFF" },
    { 0x00920D4C, "\x36\x49\x54\x41\x4C\x49\x54\x6E\xFF" },
    { 0x00920D60, "\x2D\x41\x47\x49\x45\xFF" },
    { 0x00920D74, "\x24\x6E\x46\x00\x4D\x41\x47\xFF" },
    { 0x00920D88, "\x24\x45\x58\x54\x6E\x52\x49\x54\x6E\xFF" },
    { 0x00920D9C, "\x23\x48\x41\x4E\x43\x45\xFF" },
    { 0x00920DB0, "\x28\x30\x2D\x21\x38\xFF" },
    { 0x00920DC4, "\x2D\x30\x2D\x21\x38\xFF" },
    { 0x00920DD8, "\x28\x30\x2D\x21\x38\xFF" },
    { 0x00920DEC, "\x2D\x30\x2D\x21\x38\xFF" },
    { 0x00920E00, "\x25\x38\x30\x0E\x30\x2C\x35\x33\xFF" },
    { 0x00920E14, "\x27\x49\x4C\x00\x30\x2C\x35\x33\xFF" },
    { 0x00920E28, "\x32\x45\x4E\x43\x4F\x4E\x54\x52\x45\x00\x0D\xFF" },
    { 0x00920E3C, "\x32\x45\x4E\x43\x4F\x4E\x54\x52\x45\x00\x0B\xFF" },
    { 0x00920E50, "\x21\x54\x54\x49\x52\x45\x52\x00\x23\x48\x4F\x43\x4F\x42\x4F\x53\xFF" },
    { 0x00920E64, "\x30\x52\x6E\x56\x45\x4E\x54\x49\x4F\x4E\x00\x0B\xFF" },
    { 0x00920E78, "\x21\x54\x54\x41\x51\x55\x45\x00\x44\x45\x00\x4C\x4F\x4E\x47\x55\x45\x00\x50\x4F\x52\x54\x6E\x45\xFF" },
    { 0x00920E8C, "\x21\x54\x54\x41\x51\x55\x45\x52\x00\x54\x4F\x55\x53\xFF" },
    { 0x00920EA0, "\x23\x4F\x4E\x54\x52\x45\x0D\x41\x54\x54\x41\x51\x55\x45\x52\xFF" },
    { 0x00920FE8, "\x2D\x41\x47\x49\x45\xFF" },
    { 0x00920FFC, "\x29\x4E\x56\x4F\x51\x55\x45\x52\xFF" },
    { 0x00921010, "\x34\x41\x4C\x45\x4E\x54\x25\xFF" },
    { 0x00921024, "\x30\x55\x49\x53\x53\x41\x4E\x43\x45\x00\x53\x55\x50\x50\x4C\x0E\xFF" },
    { 0x00921038, "\x34\x4F\x55\x54\xFF" },
    { 0x0092104C, "\x14\x58\x0D\x2D\xFF" },
    { 0x00921060, "\x21\x42\x53\x4F\x52\x50\x0E\x2D\x30\xFF" },
    { 0x00921074, "\x21\x42\x53\x4F\x52\x50\x0E\x28\x30\xFF" },
    { 0x00921088, "\xFF" },
    { 0x0092109C, "\x36\x4F\x4C\x45\x52\x00\x41\x55\x53\x53\x49\xFF" },
    { 0x009210B0, "\x23\x4F\x55\x50\x55\x52\x45\x0B\xFF" },
    { 0x009210C4, "\x34\x55\x52\x42\x4F\x00\x2D\x30\xFF" },
    { 0x009210D8, "\x32\x49\x45\x4E\x0E\xFF" },
    { 0x009210EC, "\x2D\x30\x00\x49\x4E\x53\x55\x46\x46\x49\x53\x41\x4E\x54\x0E\xFF" },
    { 0x00921168, "\x35\x54\x49\x4C\x49\x53\x45\x52\xFF" },
    { 0x00921174, "\x21\x52\x52\x41\x4E\x47\x45\x52\xFF" },
    { 0x00921180, "\x25\x4C\x6E\x4D\x45\x4E\x54\x53\x0D\x43\x4C\x6E\xFF" },
    { 0x0092118C, "\x34\x4F\x49\x0D\x4D\x70\x4D\x45\xFF" },
    { 0x00921198, "\x34\x45\x52\x52\x41\x49\x4E\xFF" },
    { 0x009211A4, "\x23\x4F\x4D\x42\x41\x54\xFF" },
    { 0x009211B0, "\x2C\x41\x4E\x43\x45\x52\xFF" },
    { 0x009211BC, "\x34\x59\x50\x45\xFF" },
    { 0x009211C8, "\x2E\x4F\x4D\xFF" },
    { 0x009211D4, "\x30\x4C\x55\x53\xFF" },
    { 0x009211E0, "\x2D\x4F\x49\x4E\x53\xFF" },
    { 0x009211F0, "\xFF" },
    { 0x00921212, "\x62\x41\x00\x59\x00\x45\x53\x54\x00\x01\xFF" },
    { 0x00921234, "\x2A\x07\x48\x6E\x53\x49\x54\x45\x00\x45\x4E\x43\x4F\x52\x45\xA9\xFF" },
    { 0x00921256, "\x62\x41\x00\x4D\x07\x45\x53\x54\x00\x6E\x47\x41\x4C\x0E\xFF" },
    { 0x00921278, "\x28\x6E\x0C\x00\x50\x41\x53\x00\x44\x45\x00\x50\x41\x4E\x49\x51\x55\x45\x00\x01\xFF" },
    { 0x0092129A, "\x22\x4F\x4E\x00\x53\x41\x4E\x47\x00\x01\x00\x62\x41\x00\x4D\x45\x00\x44\x4F\x4E\x4E\x45\x00\x4D\x41\x4C\x00\x41\x55\x00\x43\x52\x69\x4E\x45\x00\x01\xFF" },
    { 0x009212BC, "\x62\x41\x00\x4D\x07\x45\x53\x54\x00\x6E\x47\x41\x4C\x0E\xFF" },
    { 0x009212DE, "\x28\x4D\x4D\x0C\x00\x43\x07\x45\x53\x54\x00\x44\x4F\x4E\x43\x00\x6D\x41\x0E\xFF" },
    { 0x00921300, "\x2A\x07\x48\x6E\x53\x49\x54\x45\x00\x45\x4E\x43\x4F\x52\x45\xA9\xFF" },
    { 0x00921322, "\x29\x4C\x00\x59\x00\x41\x00\x45\x52\x52\x45\x55\x52\x00\x44\x45\x00\x50\x45\x52\x53\x4F\x4E\x4E\x45\x0E\xFF" },
    { 0x00921344, "\x62\x41\x00\x44\x45\x56\x52\x41\x49\x54\x00\x70\x54\x52\x45\x00\x42\x4F\x4E\x0E\xFF" },
    { 0x00921366, "\x23\x45\x00\x4E\x07\x45\x53\x54\x00\x50\x41\x53\x00\x50\x52\x70\x54\x0E\xFF" },
    { 0x00921388, "\x23\x45\x00\x4E\x07\x45\x53\x54\x00\x50\x41\x53\x00\x4D\x4F\x49\x0E\xFF" },
    { 0x009213AA, "\x62\x41\x00\x59\x00\x45\x53\x54\x00\x01\xFF" },
    { 0x009213CC, "\x2A\x45\x00\x4E\x07\x59\x00\x41\x52\x52\x49\x56\x45\x00\x50\x41\x53\x0E\xFF" },
    { 0x009213EE, "\x62\x41\x00\x4D\x07\x45\x53\x54\x00\x6E\x47\x41\x4C\x0E\xFF" },
    { 0x00921410, "\x33\x55\x50\x45\x52\x00\x01\x00\x62\x41\x00\x44\x45\x56\x52\x41\x49\x54\x00\x46\x41\x49\x52\x45\x00\x4C\x07\x41\x46\x46\x41\x49\x52\x45\x00\x01\xFF" },
    { 0x00921432, "\x2E\x4F\x4E\x00\x01\x00\x2A\x45\x00\x4E\x07\x59\x00\x41\x52\x52\x49\x56\x45\x00\x50\x41\x53\x00\x01\xFF" },
    { 0x00921454, "\x30\x46\x46\x0C\x00\x4A\x45\x00\x4E\x07\x41\x49\x00\x50\x41\x53\x00\x4C\x41\x00\x4D\x4F\x49\x4E\x44\x52\x45\x00\x49\x44\x6E\x45\x00\x01\xFF" },
    { 0x00921476, "\x2A\x45\x00\x53\x55\x49\x53\x00\x4C\x07\x4F\x4D\x42\x52\x45\x00\x44\x45\x00\x4D\x4F\x49\x0D\x4D\x70\x4D\x45\xA9\xFF" },
    { 0x00921498, "\x2A\x45\x00\x4E\x07\x59\x00\x53\x55\x49\x53\x00\x54\x4F\x55\x4A\x4F\x55\x52\x53\x00\x50\x41\x53\x0E\xFF" },
    { 0x009214BA, "\x62\x41\x00\x4D\x07\x45\x53\x54\x00\x6E\x47\x41\x4C\x0E\xFF" },
    { 0x009214DC, "\x24\x4F\x4E\x4E\x45\x0D\x4D\x4F\x49\x00\x6D\x41\x0C\x00\x6D\x41\x00\x4D\x07\x41\x00\x4C\x07\x41\x49\x52\x00\x42\x49\x45\x4E\x00\x01\xFF" },
    { 0x009214FE, "\x30\x46\x46\x0E\x00\x2A\x07\x48\x6E\x53\x49\x54\x45\x00\x45\x4E\x43\x4F\x52\x45\xA9\xFF" },
    { 0x00921520, "\x30\x41\x53\x00\x4D\x4F\x49\x00\x01\x00\x23\x48\x4F\x49\x53\x49\x53\x00\x51\x55\x45\x4C\x51\x55\x07\x55\x4E\x00\x44\x07\x41\x55\x54\x52\x45\x00\x01\xFF" },
    { 0x00921CB8, "\x23\x4C\x4F\x55\x44\xFF" },
    { 0x00921CC4, "\x22\x41\x52\x52\x45\x54\xFF" },
    { 0x00921CD0, "\x34\x49\x46\x41\xFF" },
    { 0x00921CDC, "\x21\x45\x52\x49\x53\xFF" },
    { 0x00921CE8, "\x32\x45\x44\x00\x11\x13\xFF" },
    { 0x00921CF4, "\x39\x4F\x55\x46\x49\x45\xFF" },
    { 0x00921D00, "\x23\x41\x49\x54\x00\x33\x49\x54\x48\xFF" },
    { 0x00921D0C, "\x36\x49\x4E\x43\x45\x4E\x54\xFF" },
    { 0x00921D18, "\x23\x49\x44\xFF" },
    { 0x00921D24, "\x23\x48\x4F\x43\x4F\xFF" },
    { 0x00921D48, "\x25\x53\x50\x41\x43\x45\xFF" },
    { 0x00921D50, "\x25\x46\x46\x41\x43\x45\x52\xFF" },
    { 0x00921D58, "\x23\x48\x4F\x49\x53\x49\x52\xFF" },
    { 0x00921D60, "\x24\x6E\x46\x41\x55\x54\xFF" },
    { 0x00921D68, "\x21\x4E\x4E\x55\x4C\x45\x52\xFF" },
    { 0x00922920, "\x36\x45\x55\x58\x0D\x54\x55\x00\x56\x52\x41\x49\x4D\x45\x4E\x54\x00\x52\x45\x54\x49\x52\x45\x52\x00\x43\x45\x43\x49\x00\x1F\xFF" },
    { 0x00922944, "\x2F\x55\x49\x0C\x00\x56\x52\x41\x49\x4D\x45\x4E\x54\x00\x01\xFF" },
    { 0x00922968, "\x35\x4E\x00\x49\x4E\x53\x54\x41\x4E\x54\xFF" },
    { 0x0092298C, "\x33\x45\x50\x48\x49\x52\x4F\x54\x48\xB2\xA9\xA9\xB3\xFF" },
    { 0x009229B0, "\x21\x52\x4D\x0E\xFF" },
    { 0x009229C4, "\x21\x4D\x52\x0E\xFF" },
    { 0x009229D8, "\x2C\x49\x53\x54\x45\x00\x44\x45\x00\x50\x4F\x55\x56\x4F\x49\x52\x53\xFF" },
    { 0x009229EC, "\x25\x46\x46\x45\x54\x00\x6E\x51\x55\x49\x50\x45\x4D\x45\x4E\x54\xFF" },
    { 0x009229F0, "\xFF" },
    { 0x00922A00, "\x36\x6E\x52\x49\x46\x49\x45\x52\xFF" },
    { 0x00922A14, "\x21\x52\x52\x41\x4E\x47\x45\x52\xFF" },
    { 0x00922A3C, "\x21\x30\xFF" },
    { 0x00922A50, "\x2E\x49\x56\x45\x41\x55\x00\x53\x55\x49\x56\x41\x4E\x54\xFF" },
    { 0x00922A64, "\x2D\x41\x74\x54\x52\x45\xFF" },
    { 0x00922A78, "\x21\x52\x52\x41\x4E\x47\x45\x52\xFF" },
    { 0x00922A8C, "\x25\x43\x48\x41\x4E\x47\x45\x52\xFF" },
    { 0x00922AA0, "\x32\x45\x54\x49\x52\x45\x52\x00\x54\x4F\x55\x54\xFF" },
    { 0x00922AB4, "\x30\x4F\x55\x42\x45\x4C\x4C\x45\xFF" },
    { 0x00922ADC, "\x36\x49\x54\x45\x53\x53\x45\xFF" },
    { 0x00922AF0, "\x30\x52\x4F\x54\x6F\x47\x45\xFF" },
    { 0x00922B04, "\x30\x4F\x55\x56\x4F\x49\x52\x00\x4D\x41\x47\x0E\xFF" },
    { 0x00922B18, "\x23\x48\x41\x4E\x43\x45\xFF" },
    { 0x00922B2C, "\x2D\x41\x74\x54\x52\x45\xFF" },
    { 0x00922B40, "\x26\x4F\x52\x43\x45\xFF" },
    { 0x00922B54, "\x36\x49\x54\x41\x4C\x49\x54\x6E\xFF" },
    { 0x00922B68, "\x2D\x41\x47\x49\x45\xFF" },
    { 0x00922B7C, "\x24\x6E\x46\x00\x4D\x41\x47\xFF" },
    { 0x00922B90, "\x24\x45\x58\x54\x6E\x52\x49\x54\x6E\xFF" },
    { 0x00922BA4, "\x23\x48\x41\x4E\x43\x45\xFF" },
    { 0x00922BB8, "\x28\x30\x2D\x21\x38\xFF" },
    { 0x00922BCC, "\x2D\x30\x2D\x21\x38\xFF" },
    { 0x00922BE0, "\x28\x30\x2D\x21\x38\xFF" },
    { 0x00922BF4, "\x2D\x30\x2D\x21\x38\xFF" },
    { 0x00922C08, "\x25\x38\x30\x0E\x30\x2C\x35\x33\xFF" },
    { 0x00922C1C, "\x27\x49\x4C\x00\x30\x2C\x35\x33\xFF" },
    { 0x00922C30, "\x32\x45\x4E\x43\x4F\x4E\x54\x52\x45\x00\x0D\xFF" },
    { 0x00922C44, "\x32\x45\x4E\x43\x4F\x4E\x54\x52\x45\x00\x0B\xFF" },
    { 0x00922C58, "\x21\x54\x54\x49\x52\x45\x52\x00\x23\x48\x4F\x43\x4F\x42\x4F\x53\xFF" },
    { 0x00922C6C, "\x30\x52\x6E\x56\x45\x4E\x54\x49\x4F\x4E\x00\x0B\xFF" },
    { 0x00922C80, "\x21\x54\x54\x41\x51\x55\x45\x00\x44\x45\x00\x4C\x4F\x4E\x47\x55\x45\x00\x50\x4F\x52\x54\x6E\x45\xFF" },
    { 0x00922C94, "\x21\x54\x54\x41\x51\x55\x45\x52\x00\x54\x4F\x55\x53\xFF" },
    { 0x00922CA8, "\x23\x4F\x4E\x54\x52\x45\x00\x41\x54\x54\x41\x51\x55\x45\x52\xFF" },
    { 0x00922CF8, "\x21\xFF" },
    { 0x00922CFA, "\x24\xFF" },
    { 0x00922D00, "\x21\x43\x48\x45\x54\x45\x52\x00\x00\x00\x36\x45\x4E\x44\x52\x45\x00\x00\x00\x31\x55\x49\x54\x54\x45\x52\xFF" },
    { 0x00922D14, "\x27\x49\x4C\x53\xFF" },
    { 0x00922D28, "\x25\x4E\x00\x50\x4F\x53\x53\x45\x53\x53\x49\x4F\x4E\xFF" },
    { 0x00922D3C, "\x25\x51\x55\x49\x50\x6E\xFF" },
    { 0x00922D50, "\x34\x4F\x54\x41\x4C\xFF" },
    { 0x00922D64, "\x23\x4F\x4D\x42\x49\x45\x4E\xFF" },
    { 0x00922D78, "\x25\x4C\x6E\x4D\x45\x4E\x54\x00\x00\x00\x00\x2D\x41\x54\x45\x52\x49\x41\xFF" },
    { 0x00922D8C, "\x27\x49\x4C\x53\x00\x52\x45\x53\x54\x41\x4E\x54\x53\xFF" },
    { 0x00922DA0, "\x30\x52\x49\x58\x00\x4D\x41\x74\x54\x52\x45\xFF" },
    { 0x00922DB4, "\x30\x52\x49\x58\x00\x45\x4E\x00\x46\x4F\x4E\x43\x54\x49\x4F\x4E\x00\x44\x45\x00\x21\x30\xFF" },
    { 0x00922DC8, "\x21\x52\x4D\x0E\xFF" },
    { 0x00922DDE, "\x21\x4D\x52\x0E\xFF" },
    { 0x00922DF4, "\x21\x43\x43\x0E\xFF" },
    { 0x00922F6A, "\x21\x55\x43\x55\x4E\x45\xFF" },
    { 0x00922F80, "\x2E\x4F\x52\x4D\x41\x4C\x45\xFF" },
    { 0x00922F96, "\x24\x4F\x55\x42\x4C\x45\xFF" },
    { 0x00922FAC, "\x34\x52\x49\x50\x4C\x45\xFF" },
    { 0x00922FDC, "\x2D\x41\x47\x41\x53\x49\x4E\x00\x44\x07\x41\x52\x4D\x45\x53\xFF" },
    { 0x00922FF0, "\x2D\x41\x47\x41\x53\x49\x4E\x00\x44\x07\x6E\x4C\x6E\x4D\x45\x4E\x54\x53\xFF" },
    { 0x00923004, "\x2D\x41\x47\x41\x53\x49\x4E\x00\x44\x45\x00\x4D\x41\x54\x6E\x52\x49\x41\xFF" },
    { 0x00923018, "\x27\x52\x41\x4E\x44\x00\x4D\x41\x47\x41\x53\x49\x4E\xFF" },
    { 0x0092302C, "\x2D\x41\x47\x41\x53\x49\x4E\x00\x44\x45\x00\x4C\x6E\x47\x55\x4D\x45\x53\xFF" },
    { 0x00923040, "\x2D\x41\x47\x0E\x00\x44\x07\x41\x43\x43\x45\x53\x53\x4F\x49\x52\x45\x53\xFF" },
    { 0x00923054, "\x2D\x41\x47\x41\x53\x49\x4E\x00\x44\x07\x4F\x55\x54\x49\x4C\x4C\x41\x47\x45\xFF" },
    { 0x00923068, "\x2D\x41\x47\x41\x53\x49\x4E\x00\x48\x79\x54\x45\x4C\x49\x45\x52\xFF" },
    { 0x00923080, "\x22\x49\x45\x4E\x56\x45\x4E\x55\x45\xFF" },
    { 0x009230AE, "\x31\x55\x45\x00\x56\x45\x55\x58\x0D\x54\x55\x00\x41\x43\x48\x45\x54\x45\x52\x00\x1F\xFF" },
    { 0x009230DC, "\x23\x4F\x4D\x42\x49\x45\x4E\x00\x45\x4E\x00\x56\x45\x55\x58\x0D\x54\x55\x00\x1F\xFF" },
    { 0x0092310A, "\x31\x55\x45\x00\x56\x45\x55\x58\x0D\x54\x55\x00\x56\x45\x4E\x44\x52\x45\x00\x1F\xFF" },
    { 0x00923138, "\x23\x4F\x4D\x42\x49\x45\x4E\x00\x56\x45\x55\x58\x0D\x54\x55\x00\x45\x4E\x00\x56\x45\x4E\x44\x52\x45\x00\x1F\xFF" },
    { 0x00925760, "\x23\x48\x41\x52\x47\x45\x52\xFF" },
    { 0x00925784, "\x23\x48\x4F\x49\x53\x49\x52\x00\x55\x4E\x00\x46\x49\x43\x48\x49\x45\x52\x00\x44\x45\x00\x53\x41\x55\x56\x45\x47\x41\x52\x44\x45\x0E\xFF" },
    { 0x009257A8, "\x23\x48\x4F\x49\x53\x49\x52\x00\x55\x4E\x45\x00\x50\x41\x52\x54\x49\x45\x00\x53\x41\x55\x56\x45\x47\x41\x52\x44\x6E\x45\x0E\xFF" },
    { 0x00925838, "\x25\x4E\x00\x43\x48\x41\x52\x47\x45\x4D\x45\x4E\x54\x0E\x00\x2D\x45\x52\x43\x49\x00\x44\x45\x00\x50\x41\x54\x49\x45\x4E\x54\x45\x52\x0E\xFF" },
    { 0x0092585C, "\x33\x41\x55\x56\x45\x47\x41\x52\x44\x45\x00\x45\x4E\x00\x43\x4F\x55\x52\x53\x0E\x00\x00\x2D\x45\x52\x43\x49\x00\x44\x45\x00\x50\x41\x54\x49\x45\x4E\x54\x45\x52\x0E\xFF" },
    { 0x00925880, "\x36\x29\x24\x25\xFF" },
    { 0x009258A4, "\x30\x21\x32\x34\x29\x25\xFF" },
    { 0x009258C8, "\x23\x2F\x2E\x34\x29\x2E\x35\x25\x32\x00\x1F\xFF" },
    { 0x009258D4, "\x26\x26\x17\x00\x32\x45\x4D\x41\x4B\x45\xFF" },
    { 0x00925910, "\x36\x6E\x52\x49\x46\x49\x43\x41\x54\x49\x4F\x4E\x00\x44\x45\x00\x4C\x41\x00\x53\x41\x55\x56\x45\x47\x41\x52\x44\x45\x0E\xFF" },
    { 0x00925934, "\x10\x11\xFF" },
    { 0x00925958, "\x10\x12\xFF" },
    { 0x0092597C, "\x10\x13\xFF" },
    { 0x009259A0, "\x10\x14\xFF" },
    { 0x009259C4, "\x10\x15\xFF" },
    { 0x009259E8, "\x10\x16\xFF" },
    { 0x00925A0C, "\x10\x17\xFF" },
    { 0x00925A30, "\x10\x18\xFF" },
    { 0x00925A54, "\x10\x19\xFF" },
    { 0x00925A78, "\x11\x10\xFF" },
    { 0x00925A9C, "\x11\x11\xFF" },
    { 0x00925AC0, "\x11\x12\xFF" },
    { 0x00925AE4, "\x11\x13\xFF" },
    { 0x00925B08, "\x11\x14\xFF" },
    { 0x00925B2C, "\x11\x15\xFF" },
    { 0x00925B50, "\x25\x4E\x52\x45\x47\x49\x53\x54\x52\x6E\x0E\xFF" },
    { 0x00925BE0, "\x2E\x2F\x35\x36\x25\x2C\x2C\x25\x00\x30\x21\x32\x34\x29\x25\xFF" },
    { 0x00925C04, "\x25\x46\x46\x45\x43\x54\x55\x45\x52\x00\x55\x4E\x00\x45\x4E\x52\x45\x47\x49\x53\x54\x52\x45\x4D\x45\x4E\x54\x00\x1F\xFF" },
    { 0x00925C28, "\x2F\x55\x49\xFF" },
    { 0x00925C4C, "\x2E\x4F\x4E\xFF" },
    { 0x00925DE8, "\x30\x41\x53\x00\x44\x45\x00\x44\x4F\x4E\x4E\x6E\x45\x53\x00\x45\x4E\x52\x45\x47\x49\x53\x54\x52\x6E\x45\x53\x0E\xFF" },
    { 0x00925E18, "\x30\x41\x53\x00\x44\x45\x00\x44\x4F\x4E\x4E\x6E\x45\x53\x00\x45\x4E\x52\x45\x47\x49\x53\x54\x52\x6E\x45\x53\x0E\xFF" },
    { 0x00926118, "\x33\x41\x55\x56\x45\x47\x41\x52\x44\x45\x00\x11\xFF" },
    { 0x00926124, "\x33\x41\x55\x56\x45\x47\x41\x52\x44\x45\x00\x12\xFF" },
    { 0x00926130, "\x33\x41\x55\x56\x45\x47\x41\x52\x44\x45\x00\x13\xFF" },
    { 0x0092613C, "\x33\x41\x55\x56\x45\x47\x41\x52\x44\x45\x00\x14\xFF" },
    { 0x00926148, "\x33\x41\x55\x56\x45\x47\x41\x52\x44\x45\x00\x15\xFF" },
    { 0x00926154, "\x33\x41\x55\x56\x45\x47\x41\x52\x44\x45\x00\x16\xFF" },
    { 0x00926160, "\x33\x41\x55\x56\x45\x47\x41\x52\x44\x45\x00\x17\xFF" },
    { 0x0092616C, "\x33\x41\x55\x56\x45\x47\x41\x52\x44\x45\x00\x18\xFF" },
    { 0x00926178, "\x33\x41\x55\x56\x45\x47\x41\x52\x44\x45\x00\x19\xFF" },
    { 0x00926184, "\x33\x41\x55\x56\x45\x47\x41\x52\x44\x45\x00\x11\x10\xFF" },
    { 0x009261F0, "\x2E\x49\x56\x45\x41\x55\xFF" },
    { 0x0091A4E8, "\x32\x45\x4E\x43\x4F\x4E\x54\x52\x45\x53\x00\x44\x6E\x53\x41\x43\x54\x49\x56\x6E\x45\x53\xFF" },
    { 0x0091A214, "\x24\x49\x53\x41\x42\x4C\x45\x44\xFF" },
    { 0x0091A244, "\x25\x4E\x41\x42\x4C\x45\x44\xFF" },
    { 0x00922E0A, "\x21\x43\x43\x0E\xFF" },
    { 0x00922E20, "\x26\x4F\x52\x43\x45\xFF" },
    { 0x00922E36, "\x24\x45\x58\x54\x6E\x52\x49\x54\x6E\xFF" },
    { 0x00922E4C, "\x36\x49\x54\x41\x4C\x49\x54\x6E\xFF" },
    { 0x00922E62, "\x2D\x41\x47\x49\x45\xFF" },
    { 0x00922E78, "\x25\x53\x50\x52\x49\x54\xFF" },
    { 0x00922E8E, "\x23\x48\x41\x4E\x43\x45\xFF" },
    { 0x00922EA4, "\x21\x54\x54\x41\x51\x55\x45\xFF" },
    { 0x00922EBA, "\x05\x21\x54\x54\x41\x51\x55\x45\xFF" },
    { 0x00922ED0, "\x24\x6E\x46\x45\x4E\x53\x45\xFF" },
    { 0x00922EE6, "\x05\x24\x6E\x46\x45\x4E\x53\x45\xFF" },
    { 0x00922EFC, "\x21\x54\x51\x45\x00\x4D\x41\x47\xFF" },
    { 0x00922F12, "\x24\x6E\x46\x00\x4D\x41\x47\xFF" },
    { 0x00922F28, "\x05\x24\x6E\x46\x00\x4D\x41\x47\xFF" },
    { 0x00922F3E, "\x2F\x52\x49\x46\x49\x43\x45\xFF" },
    { 0x00922F54, "\x21\x55\x47\x4D\x45\x4E\x54\x41\x54\x49\x4F\x4E\xFF" },
    { 0x00922FCD, "\x2D\x41\x47\x41\x53\x49\x4E\x00\x44\x07\x6E\x4C\x6E\x4D\x45\x4E\x54\x53\xFF" },
    { 0x00922FDC, "\x2D\x41\x47\x41\x53\x49\x4E\x00\x44\x07\x41\x52\x4D\x45\x53\xFF" },
    { 0x00923166, "\x2D\x45\x52\x43\x49\x00\x01\xFF" },
    { 0x00923194, "\x2D\x45\x52\x43\x49\x00\x01\xFF" },
    { 0x009231C2, "\x34\x55\x00\x4E\x07\x41\x53\x00\x50\x41\x53\x00\x41\x53\x53\x45\x5A\x00\x44\x07\x41\x52\x47\x45\x4E\x54\x00\x01\xFF" },
    { 0x00925C98, "\x34\x45\x52\x4D\x49\x4E\x6E\x0E\xFF" },
    { 0x00925D28, "\x26\x4F\x52\x4D\x41\x54\x6E\xFF" },
    { 0x00925D58, "\x26\x4F\x52\x4D\x41\x54\x41\x47\x45\x00\x49\x4D\x50\x4F\x53\x53\x49\x42\x4C\x45\x0E\xFF" },
    { 0x00925D88, "\x2E\x4F\x4E\x00\x46\x4F\x52\x4D\x41\x54\x6E\x0E\xFF" },
    { 0x00925DB8, "\x36\x45\x55\x58\x0D\x54\x55\x00\x45\x46\x46\x45\x43\x54\x55\x45\x52\x00\x55\x4E\x00\x46\x4F\x52\x4D\x41\x54\x41\x47\x45\x00\x4D\x41\x49\x4E\x54\x45\x4E\x41\x4E\x54\x00\x1F\xFF" },
    { 0x009260E8, "\x33\x41\x55\x56\x45\x47\x41\x52\x44\x45\x00\x4E\x4F\x4E\x00\x56\x41\x4C\x49\x44\x45\x00\x01\xFF" },
    { 0x00925B74, "\x25\x4E\x52\x45\x47\x49\x53\x54\x52\x45\x4D\x45\x4E\x54\x00\x49\x4D\x50\x4F\x53\x53\x49\x42\x4C\x45\x0E\xFF" },
    { 0x00925B98, "\x23\x48\x41\x52\x47\x45\x4D\x45\x4E\x54\x00\x49\x4D\x50\x4F\x53\x53\x49\x42\x4C\x45\x0E\xFF" },
    { 0x00925BBC, "\x24\x4F\x4E\x4E\x6E\x45\x53\x00\x50\x45\x52\x44\x55\x45\x53\x0E\xFF" },
    { 0x00922CBC, "\xFF" },
    { 0x00922CD0, "\xFF" },
    { 0x00922CE4, "\xFF" },
    { 0x0091AC30, "\xBB\xC3\xFF" },
    { 0x0091AC38, "\xC0\xC3\xFF" },
};
inline constexpr Text fr_format[] = {
    { 0x00956DA0, "\x4D\x45\x49\x4C\x4C\x45\x55\x52" },
    { 0x00956DB0, "\x43\x4F\x4E\x54\x49\x4E\x55\x45\x52" },
    { 0x00956DBC, "\x52\x45\x28\x45\x53\x53\x41\x59\x45\x52" },
    { 0x00956DC4, "\x51\x55\x49\x54\x54\x45\x52" },
    { 0x00956DCC, "\x4F\x50\x54\x49\x4F\x4E" },
    { 0x00956DD4, "\x43\x4F\x4E\x54\x49\x4E\x55\x45\x52" },
    { 0x00956DE0, "\x52\x45\x28\x45\x53\x53\x41\x59\x45\x52" },
    { 0x00956DE8, "\x51\x55\x49\x54\x54\x45\x52" },
    { 0x00956DF0, "\x46\x41\x4E\x54\x4F\x2A\x4D\x45" },
    { 0x00956DF8, "\x53\x55\x52\x46\x41\x43\x45" },
    { 0x00956E00, "\x44\x45\x28\x53\x41\x43\x54\x49\x56\x45\x28" },
    { 0x00956E04, "\x53\x55\x52\x46" },
    { 0x00956E0C, "\x54\x52\x41\x49\x2A\x4E\x45\x41\x55" },
    { 0x00956E1C, "\x4E\x45\x49\x47\x45" },
    { 0x00956E24, "\x41\x43\x54\x49\x56\x45\x28" },
    { 0x00956E2C, "\x52\x45\x28\x45\x53\x53\x41\x59\x45\x52" },
    { 0x00956E38, "\x51\x55\x49\x54\x54\x45\x52" },
    { 0x00956E48, "\x54\x45\x43\x48\x4E\x49\x51\x55\x45" },
    { 0x00956E54, "\x54\x45\x4D\x50\x53" },
    { 0x00956E5C, "\x42\x41\x4C\x4C\x4F\x4E" },
    { 0x00956E64, "\x54\x4F\x54\x41\x4C" },
    { 0x00956E6C, "\x4D\x45\x49\x4C\x4C\x45\x55\x52" },
    { 0x00956EAC, "\x31\x45\x52\x2E" },
    { 0x00956EB4, "\x32\x45\x29\x4D\x2E" },
    { 0x00956EBC, "\x33\x45\x29\x4D\x2E" },
    { 0x00956EC4, "\x34\x45\x29\x4D\x2E" },
    { 0x00956ECC, "\x35\x45\x29\x4D\x2E" },
};
inline constexpr Patch fr_patches[] = {
    { 0x007BAAFC, "\x63\x64\x2F\x63\x72\x5F\x66\x72\x2E\x6C\x67\x70", false },
    { 0x007BAD30, "\x63\x64\x2F\x63\x72\x5F\x66\x72\x2E\x6C\x67\x70", false },
    { 0x007BAD54, "\x63\x64\x2F\x63\x72\x5F\x66\x72\x2E\x6C\x67\x70", false },
    { 0x007BA5E4, "\x63\x64\x2F\x64\x69\x73\x63\x5F\x66\x72\x2E\x6C\x67\x70", false },
    { 0x007BA710, "\x63\x64\x2F\x64\x69\x73\x63\x5F\x66\x72\x2E\x6C\x67\x70", false },
    { 0x007BAB0C, "\x63\x64\x2F\x64\x69\x73\x63\x5F\x66\x72\x2E\x6C\x67\x70", false },
    { 0x007BAA48, "\x66\x69\x65\x6C\x64\x2F\x66\x66\x6C\x65\x76\x65\x6C\x2E\x6C\x67\x70", false },
    { 0x007BAB64, "\x66\x69\x65\x6C\x64\x2F\x66\x66\x6C\x65\x76\x65\x6C\x2E\x6C\x67\x70", false },
    { 0x007BAA84, "\x6D\x65\x6E\x75\x2F\x6D\x65\x6E\x75\x5F\x66\x72\x2E\x6C\x67\x70", false },
    { 0x007BAC4C, "\x6D\x65\x6E\x75\x2F\x6D\x65\x6E\x75\x5F\x66\x72\x2E\x6C\x67\x70", false },
    { 0x007BAAB4, "\x66\x63\x68\x6F\x63\x6F\x62\x6F\x2E\x6C\x67\x70", true },
    { 0x007BAB8C, "\x66\x63\x68\x6F\x63\x6F\x62\x6F\x2E\x6C\x67\x70", true },
    { 0x007BAAA8, "\x66\x63\x6F\x6E\x64\x6F\x72\x2E\x6C\x67\x70", false },
    { 0x007BABAC, "\x66\x63\x6F\x6E\x64\x6F\x72\x2E\x6C\x67\x70", false },
    { 0x007BAB1C, "\x66\x73\x75\x62\x2E\x6C\x67\x70", true },
    { 0x00980E04, "\x66\x73\x75\x62\x2E\x6C\x67\x70", true },
    { 0x007BAAC0, "\x68\x69\x67\x68\x2D\x66\x72\x2E\x6C\x67\x70", false },
    { 0x009092E8, "\x68\x69\x67\x68\x2D\x66\x72\x2E\x6C\x67\x70", false },
    { 0x007BAAD8, "\x73\x6E\x6F\x77\x62\x6F\x61\x72\x64\x2D\x66\x72\x2E\x6C\x67\x70", false },
    { 0x009264D0, "\x73\x6E\x6F\x77\x62\x6F\x61\x72\x64\x2D\x66\x72\x2E\x6C\x67\x70", false },
    { 0x007BAA98, "\x77\x6D\x2F\x77\x6F\x72\x6C\x64\x5F\x66\x72\x2E\x6C\x67\x70", false },
    { 0x007BABCC, "\x77\x6D\x2F\x77\x6F\x72\x6C\x64\x5F\x66\x72\x2E\x6C\x67\x70", false },
    { 0x00980E14, "\x66\x68\x75\x64\x61\x2E\x74\x69\x6D", false },
    { 0x00980E20, "\x66\x68\x75\x64\x62\x2E\x74\x69\x6D", false },
    { 0x00980E2C, "\x66\x68\x75\x64\x63\x2E\x74\x69\x6D", false },
    { 0x00980E38, "\x66\x68\x75\x64\x64\x2E\x74\x69\x6D", false },
    { 0x00980E4C, "\x66\x68\x75\x64\x61\x2E\x74\x69\x6D", false },
    { 0x00980E58, "\x66\x68\x75\x64\x62\x2E\x74\x69\x6D", false },
    { 0x00980E64, "\x66\x68\x75\x64\x63\x2E\x74\x69\x6D", false },
    { 0x00980E70, "\x66\x68\x75\x64\x64\x2E\x74\x69\x6D", false },
    { 0x00980E7A, "\x66\x68\x75\x64\x2E\x74\x69\x6D", false },
    { 0x00980E84, "\x66\x68\x75\x64\x61\x2E\x74\x69\x6D", false },
    { 0x00980E90, "\x66\x68\x75\x64\x62\x2E\x74\x69\x6D", false },
    { 0x00980E9C, "\x66\x68\x75\x64\x63\x2E\x74\x69\x6D", false },
    { 0x00980EA8, "\x66\x68\x75\x64\x64\x2E\x74\x69\x6D", false },
    { 0x00980EB4, "\x66\x74\x65\x78\x74\x2E\x74\x69\x6D", false },
    { 0x00980EC0, "\x66\x74\x65\x78\x74\x61\x2E\x74\x69\x6D", false },
    { 0x00980ECC, "\x66\x74\x65\x78\x74\x62\x2E\x74\x69\x6D", false },
    { 0x00980ED8, "\x66\x74\x65\x78\x74\x63\x2E\x74\x69\x6D", false },
    { 0x00980EE4, "\x66\x74\x65\x78\x74\x64\x2E\x74\x69\x6D", false },
    { 0x00980EF0, "\x66\x74\x65\x78\x74\x2E\x74\x69\x6D", false },
    { 0x00980EFC, "\x66\x74\x65\x78\x74\x61\x2E\x74\x69\x6D", false },
    { 0x00980F08, "\x66\x74\x65\x78\x74\x62\x2E\x74\x69\x6D", false },
    { 0x00980F14, "\x66\x74\x65\x78\x74\x63\x2E\x74\x69\x6D", false },
    { 0x00980F20, "\x66\x74\x65\x78\x74\x64\x2E\x74\x69\x6D", false },
    { 0x00962A58, "\x66\x61\x2E\x74\x69\x6D", false },
    { 0x00962A64, "\x66\x62\x2E\x74\x69\x6D", false },
    { 0x00962A70, "\x66\x63\x2E\x74\x69\x6D", false },
    { 0x00962A7C, "\x66\x67\x2E\x74\x69\x6D", false },
    { 0x00962AA0, "\x66\x69\x74\x61\x5F\x6B\x2E\x74\x69\x6D", false },
    { 0x00956D00, "\x66\x73\x74\x61\x6D\x70\x30\x2E\x74\x69\x6D", false },
    { 0x00956D0C, "\x66\x73\x74\x61\x6D\x70\x31\x2E\x74\x69\x6D", false },
    { 0x00956CE8, "\x66\x74\x69\x6D\x65\x31\x2E\x74\x69\x6D", false },
    { 0x00956CF4, "\x66\x74\x69\x6D\x65\x32\x2E\x74\x69\x6D", false },
};
inline constexpr BytePatch fr_byte_patches[] = {
    { 0x009016B4, 0x66 },
    { 0x009016C0, 0x66 },
    { 0x009016CC, 0x66 },
    { 0x009016D8, 0x66 },
    { 0x009016E4, 0x66 },
    { 0x009016F4, 0x66 },
    { 0x00901704, 0x66 },
    { 0x00901714, 0x66 },
    { 0x00901724, 0x66 },
    { 0x00901734, 0x66 },
    { 0x00901744, 0x66 },
    { 0x00901764, 0x66 },
    { 0x00901770, 0x66 },
    { 0x0090177C, 0x66 },
    { 0x00901788, 0x66 },
    { 0x00901794, 0x66 },
    { 0x009017A0, 0x66 },
    { 0x009017B8, 0x66 },
    { 0x009017C4, 0x66 },
    { 0x009017D0, 0x66 },
    { 0x009017E0, 0x66 },
    { 0x009017F0, 0x66 },
    { 0x00901800, 0x66 },
    { 0x00901810, 0x66 },
    { 0x0090181C, 0x66 },
    { 0x0090182C, 0x66 },
    { 0x0090183C, 0x66 },
    { 0x007BA690, 0x66 },
    { 0x007BA6A0, 0x66 },
    { 0x007BA6B0, 0x66 },
    { 0x007BA6C0, 0x66 },
    { 0x007BA6D0, 0x66 },
    { 0x007BA6E0, 0x66 },
    { 0x007BA6F0, 0x66 },
    { 0x007BA700, 0x66 },
    { 0x00956AB9, 0x78 },
    { 0x00956ABC, 0x50 },
    { 0x00956AC9, 0xA4 },
    { 0x00956ACC, 0x67 },
    { 0x00956AF9, 0x78 },
    { 0x00956AFC, 0x6A },
    { 0x00956AFE, 0x16 },
};
inline constexpr char fr_credits_title[] = "\x31\x35\x29\x34\x34\x25\x32\xFF";
inline constexpr char fr_credits_subtitle[] = "\x23\x32\x63\x24\x29\x34\x33\x00\x33\x35\x30\x30\x2C\x63\x2D\x25\x2E\x34\x21\x29\x32\x25\x33\xFF";
inline constexpr char fr_name_characters[] = "\x21\x22\x23\x24\x25\x26\x27\x28\x29\x2A\x2B\x2C\x2D\x2E\x2F\x30\x31\x32\x33\x34\x35\x36\x37\x38\x39\x3A\x0C\x0E\x0B\x0D\x41\x42\x43\x44\x45\x46\x47\x48\x49\x4A\x4B\x4C\x4D\x4E\x4F\x50\x51\x52\x53\x54\x55\x56\x57\x58\x59\x5A\x1A\x00\x6E\x6F\x10\x11\x12\x13\x14\x15\x16\x17\x18\x19\x00\x00\x32\x41\x47\x49\x4E\x2C\x49\x4F\x4E\xFF\x00\x00\x00\x00\x00\x00\x26\x52\x45\x53\x48\x4D\x41\x4B\x45\xFF\x00\x00\x00\x00\x00\x00\x33\x51\x55\x41\x52\x45\xFF\x00\x00\x00\x00\x00\x00\x00\x00\x00\x13\x24\x46\x58\xFF\x00\x00\x00\x00\x00\x00\x00\x00\x00\x00\x00\x2C\x4F\x43\x41\x4C\xFF\x00\x00\x00\x00\x00\x00\x00\x00\x00\x00\x27\x4F\x4C\x44\xFF\x00\x00\x00\x00\x00\x00\x00\x00\x00\x00\x00\x00\x00\x00\x00\x00\x00\x00\x00";
inline constexpr uint8_t fr_hud_2[][36] = {
    { 0x7C, 0xFF, 0x70, 0xFF, 0x14, 0x00, 0x17, 0x00, 0x3A, 0x00, 0x16, 0x00, 0x05, 0x00, 0x00, 0x00, 0x0A, 0xD7, 0x23, 0x3C, 0x00, 0x00, 0x00, 0x00, 0x00, 0x00, 0x00, 0x00, 0x00, 0x00, 0x00, 0x00, 0x00, 0x00, 0x00, 0x00 },
    { 0xA4, 0xFF, 0x70, 0xFF, 0x13, 0x00, 0x14, 0x00, 0x84, 0x00, 0x16, 0x00, 0x05, 0x00, 0x00, 0x00, 0x0A, 0xD7, 0x23, 0x3C, 0x00, 0x00, 0x00, 0x00, 0x00, 0x00, 0x00, 0x00, 0x00, 0x00, 0x00, 0x00, 0x00, 0x00, 0x00, 0x00 },
    { 0xCA, 0xFF, 0x70, 0xFF, 0x0B, 0x00, 0x13, 0x00, 0x9B, 0x00, 0x00, 0x00, 0x05, 0x00, 0x00, 0x00, 0x0A, 0xD7, 0x23, 0x3C, 0x00, 0x00, 0x00, 0x00, 0x00, 0x00, 0x00, 0x00, 0x00, 0x00, 0x00, 0x00, 0x00, 0x00, 0x00, 0x00 },
    { 0xE0, 0xFF, 0x70, 0xFF, 0x11, 0x00, 0x13, 0x00, 0x72, 0x00, 0x16, 0x00, 0x05, 0x00, 0x00, 0x00, 0x0A, 0xD7, 0x23, 0x3C, 0x00, 0x00, 0x00, 0x00, 0x00, 0x00, 0x00, 0x00, 0x00, 0x00, 0x00, 0x00, 0x00, 0x00, 0x00, 0x00 },
    { 0x02, 0x00, 0x70, 0xFF, 0x11, 0x00, 0x13, 0x00, 0x72, 0x00, 0x16, 0x00, 0x05, 0x00, 0x00, 0x00, 0x0A, 0xD7, 0x23, 0x3C, 0x00, 0x00, 0x00, 0x00, 0x00, 0x00, 0x00, 0x00, 0x00, 0x00, 0x00, 0x00, 0x00, 0x00, 0x00, 0x00 },
    { 0x24, 0x00, 0x70, 0xFF, 0x11, 0x00, 0x13, 0x00, 0x4D, 0x00, 0x00, 0x00, 0x05, 0x00, 0x00, 0x00, 0x0A, 0xD7, 0x23, 0x3C, 0x00, 0x00, 0x00, 0x00, 0x00, 0x00, 0x00, 0x00, 0x00, 0x00, 0x00, 0x00, 0x00, 0x00, 0x00, 0x00 },
    { 0x46, 0x00, 0x70, 0xFF, 0x13, 0x00, 0x13, 0x00, 0x4F, 0x00, 0x16, 0x00, 0x05, 0x00, 0x00, 0x00, 0x0A, 0xD7, 0x23, 0x3C, 0x00, 0x00, 0x00, 0x00, 0x00, 0x00, 0x00, 0x00, 0x00, 0x00, 0x00, 0x00, 0x00, 0x00, 0x00, 0x00 },
    { 0x6C, 0x00, 0x70, 0xFF, 0x0C, 0x00, 0x14, 0x00, 0xB0, 0x00, 0x30, 0x00, 0x05, 0x00, 0x00, 0x00, 0x0A, 0xD7, 0x23, 0x3C, 0x00, 0x00, 0x00, 0x00, 0x00, 0x00, 0x00, 0x00, 0x00, 0x00, 0x00, 0x00, 0x00, 0x00, 0x00, 0x00 },
    { 0xD0, 0xFF, 0xA8, 0xFF, 0x14, 0x00, 0x14, 0x00, 0x14, 0x00, 0x16, 0x00, 0x05, 0x00, 0x00, 0x00, 0x0A, 0xD7, 0x23, 0x3C, 0x00, 0x00, 0x00, 0x00, 0x00, 0x00, 0x00, 0x00, 0x00, 0x00, 0x00, 0x00, 0x00, 0x00, 0x00, 0x00 },
    { 0xF8, 0xFF, 0xA8, 0xFF, 0x0A, 0x00, 0x13, 0x00, 0xA0, 0x00, 0x30, 0x00, 0x05, 0x00, 0x00, 0x00, 0x0A, 0xD7, 0x23, 0x3C, 0x00, 0x00, 0x00, 0x00, 0x00, 0x00, 0x00, 0x00, 0x00, 0x00, 0x00, 0x00, 0x00, 0x00, 0x00, 0x00 },
    { 0x0C, 0x00, 0xA8, 0xFF, 0x13, 0x00, 0x14, 0x00, 0x00, 0x00, 0x16, 0x00, 0x05, 0x00, 0x00, 0x00, 0x0A, 0xD7, 0x23, 0x3C, 0x00, 0x00, 0x00, 0x00, 0x00, 0x00, 0x00, 0x00, 0x00, 0x00, 0x00, 0x00, 0x00, 0x00, 0x00, 0x00 },
};
inline constexpr uint8_t fr_hud_8[][36] = {
    { 0x90, 0xFF, 0x70, 0xFF, 0x19, 0x00, 0x13, 0x00, 0xDF, 0x00, 0x00, 0x00, 0x05, 0x00, 0x00, 0x00, 0x0A, 0xD7, 0x23, 0x3C, 0x00, 0x00, 0x00, 0x00, 0x00, 0x00, 0x00, 0x00, 0x00, 0x00, 0x00, 0x00, 0x00, 0x00, 0x00, 0x00 },
    { 0xC2, 0xFF, 0x70, 0xFF, 0x0B, 0x00, 0x13, 0x00, 0x9B, 0x00, 0x00, 0x00, 0x05, 0x00, 0x00, 0x00, 0x0A, 0xD7, 0x23, 0x3C, 0x00, 0x00, 0x00, 0x00, 0x00, 0x00, 0x00, 0x00, 0x00, 0x00, 0x00, 0x00, 0x00, 0x00, 0x00, 0x00 },
    { 0xD8, 0xFF, 0x70, 0xFF, 0x0E, 0x00, 0x14, 0x00, 0x63, 0x00, 0x16, 0x00, 0x05, 0x00, 0x00, 0x00, 0x0A, 0xD7, 0x23, 0x3C, 0x00, 0x00, 0x00, 0x00, 0x00, 0x00, 0x00, 0x00, 0x00, 0x00, 0x00, 0x00, 0x00, 0x00, 0x00, 0x00 },
    { 0xF4, 0xFF, 0x70, 0xFF, 0x0E, 0x00, 0x14, 0x00, 0x63, 0x00, 0x16, 0x00, 0x05, 0x00, 0x00, 0x00, 0x0A, 0xD7, 0x23, 0x3C, 0x00, 0x00, 0x00, 0x00, 0x00, 0x00, 0x00, 0x00, 0x00, 0x00, 0x00, 0x00, 0x00, 0x00, 0x00, 0x00 },
    { 0x10, 0x00, 0x70, 0xFF, 0x0B, 0x00, 0x13, 0x00, 0x9B, 0x00, 0x00, 0x00, 0x05, 0x00, 0x00, 0x00, 0x0A, 0xD7, 0x23, 0x3C, 0x00, 0x00, 0x00, 0x00, 0x00, 0x00, 0x00, 0x00, 0x00, 0x00, 0x00, 0x00, 0x00, 0x00, 0x00, 0x00 },
    { 0x26, 0x00, 0x70, 0xFF, 0x14, 0x00, 0x14, 0x00, 0x14, 0x00, 0x16, 0x00, 0x05, 0x00, 0x00, 0x00, 0x0A, 0xD7, 0x23, 0x3C, 0x00, 0x00, 0x00, 0x00, 0x00, 0x00, 0x00, 0x00, 0x00, 0x00, 0x00, 0x00, 0x00, 0x00, 0x00, 0x00 },
    { 0x4E, 0x00, 0x70, 0xFF, 0x13, 0x00, 0x14, 0x00, 0x00, 0x00, 0x16, 0x00, 0x05, 0x00, 0x00, 0x00, 0x0A, 0xD7, 0x23, 0x3C, 0x00, 0x00, 0x00, 0x00, 0x00, 0x00, 0x00, 0x00, 0x00, 0x00, 0x00, 0x00, 0x00, 0x00, 0x00, 0x00 },
    { 0x5E, 0xFF, 0x9E, 0xFF, 0x13, 0x00, 0x13, 0x00, 0x00, 0x00, 0x00, 0x00, 0x05, 0x00, 0x00, 0x00, 0x0A, 0xD7, 0x23, 0x3C, 0x00, 0x00, 0x00, 0x00, 0x00, 0x00, 0x00, 0x00, 0x00, 0x00, 0x00, 0x00, 0x00, 0x00, 0x00, 0x00 },
    { 0x84, 0xFF, 0x9E, 0xFF, 0x12, 0x00, 0x14, 0x00, 0x27, 0x00, 0x00, 0x00, 0x05, 0x00, 0x00, 0x00, 0x0A, 0xD7, 0x23, 0x3C, 0x00, 0x00, 0x00, 0x00, 0x00, 0x00, 0x00, 0x00, 0x00, 0x00, 0x00, 0x00, 0x00, 0x00, 0x00, 0x00 },
    { 0xA8, 0xFF, 0x9E, 0xFF, 0x12, 0x00, 0x14, 0x00, 0x27, 0x00, 0x00, 0x00, 0x05, 0x00, 0x00, 0x00, 0x0A, 0xD7, 0x23, 0x3C, 0x00, 0x00, 0x00, 0x00, 0x00, 0x00, 0x00, 0x00, 0x00, 0x00, 0x00, 0x00, 0x00, 0x00, 0x00, 0x00 },
    { 0xCC, 0xFF, 0x9E, 0xFF, 0x14, 0x00, 0x14, 0x00, 0x14, 0x00, 0x16, 0x00, 0x05, 0x00, 0x00, 0x00, 0x0A, 0xD7, 0x23, 0x3C, 0x00, 0x00, 0x00, 0x00, 0x00, 0x00, 0x00, 0x00, 0x00, 0x00, 0x00, 0x00, 0x00, 0x00, 0x00, 0x00 },
    { 0xF4, 0xFF, 0x9E, 0xFF, 0x19, 0x00, 0x13, 0x00, 0xDF, 0x00, 0x00, 0x00, 0x05, 0x00, 0x00, 0x00, 0x0A, 0xD7, 0x23, 0x3C, 0x00, 0x00, 0x00, 0x00, 0x00, 0x00, 0x00, 0x00, 0x00, 0x00, 0x00, 0x00, 0x00, 0x00, 0x00, 0x00 },
    { 0x26, 0x00, 0x9E, 0xFF, 0x11, 0x00, 0x13, 0x00, 0x28, 0x00, 0x16, 0x00, 0x05, 0x00, 0x00, 0x00, 0x0A, 0xD7, 0x23, 0x3C, 0x00, 0x00, 0x00, 0x00, 0x00, 0x00, 0x00, 0x00, 0x00, 0x00, 0x00, 0x00, 0x00, 0x00, 0x00, 0x00 },
    { 0x48, 0x00, 0x9E, 0xFF, 0x11, 0x00, 0x13, 0x00, 0xCD, 0x00, 0x00, 0x00, 0x05, 0x00, 0x00, 0x00, 0x0A, 0xD7, 0x23, 0x3C, 0x00, 0x00, 0x00, 0x00, 0x00, 0x00, 0x00, 0x00, 0x00, 0x00, 0x00, 0x00, 0x00, 0x00, 0x00, 0x00 },
    { 0x6A, 0x00, 0x9E, 0xFF, 0x0B, 0x00, 0x13, 0x00, 0x9B, 0x00, 0x00, 0x00, 0x05, 0x00, 0x00, 0x00, 0x0A, 0xD7, 0x23, 0x3C, 0x00, 0x00, 0x00, 0x00, 0x00, 0x00, 0x00, 0x00, 0x00, 0x00, 0x00, 0x00, 0x00, 0x00, 0x00, 0x00 },
    { 0x80, 0x00, 0x9E, 0xFF, 0x11, 0x00, 0x13, 0x00, 0x4D, 0x00, 0x00, 0x00, 0x05, 0x00, 0x00, 0x00, 0x0A, 0xD7, 0x23, 0x3C, 0x00, 0x00, 0x00, 0x00, 0x00, 0x00, 0x00, 0x00, 0x00, 0x00, 0x00, 0x00, 0x00, 0x00, 0x00, 0x00 },
};
inline constexpr uint8_t fr_hud_16[][36] = {
    { 0x90, 0xFF, 0x70, 0xFF, 0x19, 0x00, 0x13, 0x00, 0xDF, 0x00, 0x00, 0x00, 0x05, 0x00, 0x00, 0x00, 0x0A, 0xD7, 0x23, 0x3C, 0x00, 0x00, 0x00, 0x00, 0x00, 0x00, 0x00, 0x00, 0x00, 0x00, 0x00, 0x00, 0x00, 0x00, 0x00, 0x00 },
    { 0xC2, 0xFF, 0x70, 0xFF, 0x0B, 0x00, 0x13, 0x00, 0x9B, 0x00, 0x00, 0x00, 0x05, 0x00, 0x00, 0x00, 0x0A, 0xD7, 0x23, 0x3C, 0x00, 0x00, 0x00, 0x00, 0x00, 0x00, 0x00, 0x00, 0x00, 0x00, 0x00, 0x00, 0x00, 0x00, 0x00, 0x00 },
    { 0xD8, 0xFF, 0x70, 0xFF, 0x0E, 0x00, 0x14, 0x00, 0x63, 0x00, 0x16, 0x00, 0x05, 0x00, 0x00, 0x00, 0x0A, 0xD7, 0x23, 0x3C, 0x00, 0x00, 0x00, 0x00, 0x00, 0x00, 0x00, 0x00, 0x00, 0x00, 0x00, 0x00, 0x00, 0x00, 0x00, 0x00 },
    { 0xF4, 0xFF, 0x70, 0xFF, 0x0E, 0x00, 0x14, 0x00, 0x63, 0x00, 0x16, 0x00, 0x05, 0x00, 0x00, 0x00, 0x0A, 0xD7, 0x23, 0x3C, 0x00, 0x00, 0x00, 0x00, 0x00, 0x00, 0x00, 0x00, 0x00, 0x00, 0x00, 0x00, 0x00, 0x00, 0x00, 0x00 },
    { 0x10, 0x00, 0x70, 0xFF, 0x0B, 0x00, 0x13, 0x00, 0x9B, 0x00, 0x00, 0x00, 0x05, 0x00, 0x00, 0x00, 0x0A, 0xD7, 0x23, 0x3C, 0x00, 0x00, 0x00, 0x00, 0x00, 0x00, 0x00, 0x00, 0x00, 0x00, 0x00, 0x00, 0x00, 0x00, 0x00, 0x00 },
    { 0x26, 0x00, 0x70, 0xFF, 0x14, 0x00, 0x14, 0x00, 0x14, 0x00, 0x16, 0x00, 0x05, 0x00, 0x00, 0x00, 0x0A, 0xD7, 0x23, 0x3C, 0x00, 0x00, 0x00, 0x00, 0x00, 0x00, 0x00, 0x00, 0x00, 0x00, 0x00, 0x00, 0x00, 0x00, 0x00, 0x00 },
    { 0x4E, 0x00, 0x70, 0xFF, 0x13, 0x00, 0x14, 0x00, 0x00, 0x00, 0x16, 0x00, 0x05, 0x00, 0x00, 0x00, 0x0A, 0xD7, 0x23, 0x3C, 0x00, 0x00, 0x00, 0x00, 0x00, 0x00, 0x00, 0x00, 0x00, 0x00, 0x00, 0x00, 0x00, 0x00, 0x00, 0x00 },
    { 0x4E, 0xFF, 0x9E, 0xFF, 0x0B, 0x00, 0x13, 0x00, 0x9B, 0x00, 0x00, 0x00, 0x05, 0x00, 0x00, 0x00, 0x0A, 0xD7, 0x23, 0x3C, 0x00, 0x00, 0x00, 0x00, 0x00, 0x00, 0x00, 0x00, 0x00, 0x00, 0x00, 0x00, 0x00, 0x00, 0x00, 0x00 },
    { 0x66, 0xFF, 0x9E, 0xFF, 0x13, 0x00, 0x14, 0x00, 0x00, 0x00, 0x16, 0x00, 0x05, 0x00, 0x00, 0x00, 0x0A, 0xD7, 0x23, 0x3C, 0x00, 0x00, 0x00, 0x00, 0x00, 0x00, 0x00, 0x00, 0x00, 0x00, 0x00, 0x00, 0x00, 0x00, 0x00, 0x00 },
    { 0x8C, 0xFF, 0x9E, 0xFF, 0x12, 0x00, 0x14, 0x00, 0x27, 0x00, 0x00, 0x00, 0x05, 0x00, 0x00, 0x00, 0x0A, 0xD7, 0x23, 0x3C, 0x00, 0x00, 0x00, 0x00, 0x00, 0x00, 0x00, 0x00, 0x00, 0x00, 0x00, 0x00, 0x00, 0x00, 0x00, 0x00 },
    { 0xB2, 0xFF, 0x9E, 0xFF, 0x14, 0x00, 0x14, 0x00, 0x14, 0x00, 0x16, 0x00, 0x05, 0x00, 0x00, 0x00, 0x0A, 0xD7, 0x23, 0x3C, 0x00, 0x00, 0x00, 0x00, 0x00, 0x00, 0x00, 0x00, 0x00, 0x00, 0x00, 0x00, 0x00, 0x00, 0x00, 0x00 },
    { 0xDA, 0xFF, 0x9E, 0xFF, 0x19, 0x00, 0x13, 0x00, 0xDF, 0x00, 0x00, 0x00, 0x05, 0x00, 0x00, 0x00, 0x0A, 0xD7, 0x23, 0x3C, 0x00, 0x00, 0x00, 0x00, 0x00, 0x00, 0x00, 0x00, 0x00, 0x00, 0x00, 0x00, 0x00, 0x00, 0x00, 0x00 },
    { 0x0A, 0x00, 0x9E, 0xFF, 0x11, 0x00, 0x13, 0x00, 0x28, 0x00, 0x16, 0x00, 0x05, 0x00, 0x00, 0x00, 0x0A, 0xD7, 0x23, 0x3C, 0x00, 0x00, 0x00, 0x00, 0x00, 0x00, 0x00, 0x00, 0x00, 0x00, 0x00, 0x00, 0x00, 0x00, 0x00, 0x00 },
    { 0x2E, 0x00, 0x9E, 0xFF, 0x11, 0x00, 0x13, 0x00, 0xCD, 0x00, 0x00, 0x00, 0x05, 0x00, 0x00, 0x00, 0x0A, 0xD7, 0x23, 0x3C, 0x00, 0x00, 0x00, 0x00, 0x00, 0x00, 0x00, 0x00, 0x00, 0x00, 0x00, 0x00, 0x00, 0x00, 0x00, 0x00 },
    { 0x50, 0x00, 0x9E, 0xFF, 0x11, 0x00, 0x13, 0x00, 0x4D, 0x00, 0x00, 0x00, 0x05, 0x00, 0x00, 0x00, 0x0A, 0xD7, 0x23, 0x3C, 0x00, 0x00, 0x00, 0x00, 0x00, 0x00, 0x00, 0x00, 0x00, 0x00, 0x00, 0x00, 0x00, 0x00, 0x00, 0x00 },
    { 0x72, 0x00, 0x9E, 0xFF, 0x11, 0x00, 0x13, 0x00, 0x72, 0x00, 0x16, 0x00, 0x05, 0x00, 0x00, 0x00, 0x0A, 0xD7, 0x23, 0x3C, 0x00, 0x00, 0x00, 0x00, 0x00, 0x00, 0x00, 0x00, 0x00, 0x00, 0x00, 0x00, 0x00, 0x00, 0x00, 0x00 },
    { 0x96, 0x00, 0x9E, 0xFF, 0x11, 0x00, 0x13, 0x00, 0x4D, 0x00, 0x00, 0x00, 0x05, 0x00, 0x00, 0x00, 0x0A, 0xD7, 0x23, 0x3C, 0x00, 0x00, 0x00, 0x00, 0x00, 0x00, 0x00, 0x00, 0x00, 0x00, 0x00, 0x00, 0x00, 0x00, 0x00, 0x00 },
    { 0x5A, 0x00, 0x92, 0xFF, 0x08, 0x00, 0x06, 0x00, 0x06, 0x00, 0x49, 0x00, 0x05, 0x00, 0x00, 0x00, 0x0A, 0xD7, 0x23, 0x3C, 0x00, 0x00, 0x00, 0x00, 0x00, 0x00, 0x00, 0x00, 0x00, 0x00, 0x00, 0x00, 0x00, 0x00, 0x00, 0x00 },
};
inline constexpr uint8_t fr_hud_32[][36] = {
    { 0xA6, 0xFF, 0x70, 0xFF, 0x11, 0x00, 0x13, 0x00, 0x72, 0x00, 0x16, 0x00, 0x05, 0x00, 0x00, 0x00, 0x0A, 0xD7, 0x23, 0x3C, 0x00, 0x00, 0x00, 0x00, 0x00, 0x00, 0x00, 0x00, 0x00, 0x00, 0x00, 0x00, 0x00, 0x00, 0x00, 0x00 },
    { 0xC8, 0xFF, 0x70, 0xFF, 0x11, 0x00, 0x13, 0x00, 0x4D, 0x00, 0x00, 0x00, 0x05, 0x00, 0x00, 0x00, 0x0A, 0xD7, 0x23, 0x3C, 0x00, 0x00, 0x00, 0x00, 0x00, 0x00, 0x00, 0x00, 0x00, 0x00, 0x00, 0x00, 0x00, 0x00, 0x00, 0x00 },
    { 0xEA, 0xFF, 0x70, 0xFF, 0x19, 0x00, 0x13, 0x00, 0xDF, 0x00, 0x00, 0x00, 0x05, 0x00, 0x00, 0x00, 0x0A, 0xD7, 0x23, 0x3C, 0x00, 0x00, 0x00, 0x00, 0x00, 0x00, 0x00, 0x00, 0x00, 0x00, 0x00, 0x00, 0x00, 0x00, 0x00, 0x00 },
    { 0x1C, 0x00, 0x70, 0xFF, 0x11, 0x00, 0x13, 0x00, 0x28, 0x00, 0x16, 0x00, 0x05, 0x00, 0x00, 0x00, 0x0A, 0xD7, 0x23, 0x3C, 0x00, 0x00, 0x00, 0x00, 0x00, 0x00, 0x00, 0x00, 0x00, 0x00, 0x00, 0x00, 0x00, 0x00, 0x00, 0x00 },
    { 0x3E, 0x00, 0x70, 0xFF, 0x0E, 0x00, 0x14, 0x00, 0x63, 0x00, 0x16, 0x00, 0x05, 0x00, 0x00, 0x00, 0x0A, 0xD7, 0x23, 0x3C, 0x00, 0x00, 0x00, 0x00, 0x00, 0x00, 0x00, 0x00, 0x00, 0x00, 0x00, 0x00, 0x00, 0x00, 0x00, 0x00 },
    { 0x9E, 0xFF, 0x9E, 0xFF, 0x11, 0x00, 0x13, 0x00, 0xCD, 0x00, 0x00, 0x00, 0x05, 0x00, 0x00, 0x00, 0x0A, 0xD7, 0x23, 0x3C, 0x00, 0x00, 0x00, 0x00, 0x00, 0x00, 0x00, 0x00, 0x00, 0x00, 0x00, 0x00, 0x00, 0x00, 0x00, 0x00 },
    { 0xC0, 0xFF, 0x9E, 0xFF, 0x0B, 0x00, 0x13, 0x00, 0x9B, 0x00, 0x00, 0x00, 0x05, 0x00, 0x00, 0x00, 0x0A, 0xD7, 0x23, 0x3C, 0x00, 0x00, 0x00, 0x00, 0x00, 0x00, 0x00, 0x00, 0x00, 0x00, 0x00, 0x00, 0x00, 0x00, 0x00, 0x00 },
    { 0xD6, 0xFF, 0x9E, 0xFF, 0x19, 0x00, 0x13, 0x00, 0xDF, 0x00, 0x00, 0x00, 0x05, 0x00, 0x00, 0x00, 0x0A, 0xD7, 0x23, 0x3C, 0x00, 0x00, 0x00, 0x00, 0x00, 0x00, 0x00, 0x00, 0x00, 0x00, 0x00, 0x00, 0x00, 0x00, 0x00, 0x00 },
    { 0x08, 0x00, 0x9E, 0xFF, 0x0B, 0x00, 0x13, 0x00, 0x9B, 0x00, 0x00, 0x00, 0x05, 0x00, 0x00, 0x00, 0x0A, 0xD7, 0x23, 0x3C, 0x00, 0x00, 0x00, 0x00, 0x00, 0x00, 0x00, 0x00, 0x00, 0x00, 0x00, 0x00, 0x00, 0x00, 0x00, 0x00 },
    { 0x1D, 0x00, 0x9E, 0xFF, 0x11, 0x00, 0x13, 0x00, 0x72, 0x00, 0x16, 0x00, 0x05, 0x00, 0x00, 0x00, 0x0A, 0xD7, 0x23, 0x3C, 0x00, 0x00, 0x00, 0x00, 0x00, 0x00, 0x00, 0x00, 0x00, 0x00, 0x00, 0x00, 0x00, 0x00, 0x00, 0x00 },
    { 0x40, 0x00, 0x9E, 0xFF, 0x11, 0x00, 0x13, 0x00, 0x4D, 0x00, 0x00, 0x00, 0x05, 0x00, 0x00, 0x00, 0x0A, 0xD7, 0x23, 0x3C, 0x00, 0x00, 0x00, 0x00, 0x00, 0x00, 0x00, 0x00, 0x00, 0x00, 0x00, 0x00, 0x00, 0x00, 0x00, 0x00 },
};
inline constexpr uint8_t fr_hud_64[][36] = {
    { 0x4C, 0xFF, 0x68, 0xFF, 0x12, 0x00, 0x14, 0x00, 0x27, 0x00, 0x00, 0x00, 0x07, 0x00, 0x00, 0x00, 0x0A, 0xD7, 0x23, 0x3C, 0x00, 0x00, 0x00, 0x00, 0x00, 0x00, 0x00, 0x00, 0x00, 0x00, 0x00, 0x00, 0x00, 0x00, 0x00, 0x00 },
    { 0x70, 0xFF, 0x68, 0xFF, 0x0B, 0x00, 0x13, 0x00, 0x9B, 0x00, 0x00, 0x00, 0x07, 0x00, 0x00, 0x00, 0x0A, 0xD7, 0x23, 0x3C, 0x00, 0x00, 0x00, 0x00, 0x00, 0x00, 0x00, 0x00, 0x00, 0x00, 0x00, 0x00, 0x00, 0x00, 0x00, 0x00 },
    { 0x86, 0xFF, 0x68, 0xFF, 0x12, 0x00, 0x13, 0x00, 0x14, 0x00, 0x00, 0x00, 0x07, 0x00, 0x00, 0x00, 0x0A, 0xD7, 0x23, 0x3C, 0x00, 0x00, 0x00, 0x00, 0x00, 0x00, 0x00, 0x00, 0x00, 0x00, 0x00, 0x00, 0x00, 0x00, 0x00, 0x00 },
    { 0xAA, 0xFF, 0x68, 0xFF, 0x11, 0x00, 0x13, 0x00, 0xCD, 0x00, 0x00, 0x00, 0x07, 0x00, 0x00, 0x00, 0x0A, 0xD7, 0x23, 0x3C, 0x00, 0x00, 0x00, 0x00, 0x00, 0x00, 0x00, 0x00, 0x00, 0x00, 0x00, 0x00, 0x00, 0x00, 0x00, 0x00 },
    { 0xCC, 0xFF, 0x68, 0xFF, 0x11, 0x00, 0x13, 0x00, 0x4D, 0x00, 0x00, 0x00, 0x07, 0x00, 0x00, 0x00, 0x0A, 0xD7, 0x23, 0x3C, 0x00, 0x00, 0x00, 0x00, 0x00, 0x00, 0x00, 0x00, 0x00, 0x00, 0x00, 0x00, 0x00, 0x00, 0x00, 0x00 },
    { 0x32, 0x00, 0x68, 0xFF, 0x0D, 0x00, 0x14, 0x00, 0x00, 0x00, 0x30, 0x00, 0x07, 0x00, 0x00, 0x00, 0x0A, 0xD7, 0x23, 0x3C, 0x00, 0x00, 0x00, 0x00, 0x00, 0x00, 0x00, 0x00, 0x00, 0x00, 0x00, 0x00, 0x00, 0x00, 0x00, 0x00 },
    { 0x50, 0x00, 0x68, 0xFF, 0x0D, 0x00, 0x14, 0x00, 0x00, 0x00, 0x30, 0x00, 0x07, 0x00, 0x00, 0x00, 0x0A, 0xD7, 0x23, 0x3C, 0x00, 0x00, 0x00, 0x00, 0x00, 0x00, 0x00, 0x00, 0x00, 0x00, 0x00, 0x00, 0x00, 0x00, 0x00, 0x00 },
    { 0x6C, 0x00, 0x68, 0xFF, 0x0A, 0x00, 0x13, 0x00, 0xA0, 0x00, 0x30, 0x00, 0x07, 0x00, 0x00, 0x00, 0x0A, 0xD7, 0x23, 0x3C, 0x00, 0x00, 0x00, 0x00, 0x00, 0x00, 0x00, 0x00, 0x00, 0x00, 0x00, 0x00, 0x00, 0x00, 0x00, 0x00 },
    { 0x82, 0x00, 0x68, 0xFF, 0x0D, 0x00, 0x14, 0x00, 0x00, 0x00, 0x30, 0x00, 0x07, 0x00, 0x00, 0x00, 0x0A, 0xD7, 0x23, 0x3C, 0x00, 0x00, 0x00, 0x00, 0x00, 0x00, 0x00, 0x00, 0x00, 0x00, 0x00, 0x00, 0x00, 0x00, 0x00, 0x00 },
    { 0xA0, 0x00, 0x68, 0xFF, 0x0D, 0x00, 0x14, 0x00, 0x00, 0x00, 0x30, 0x00, 0x07, 0x00, 0x00, 0x00, 0x0A, 0xD7, 0x23, 0x3C, 0x00, 0x00, 0x00, 0x00, 0x00, 0x00, 0x00, 0x00, 0x00, 0x00, 0x00, 0x00, 0x00, 0x00, 0x00, 0x00 },
};
inline constexpr uint8_t fr_hud_128[][36] = {
    { 0x4C, 0xFF, 0xE0, 0xFF, 0x11, 0x00, 0x13, 0x00, 0x28, 0x00, 0x16, 0x00, 0x05, 0x00, 0x00, 0x00, 0x0A, 0xD7, 0x23, 0x3C, 0x00, 0x00, 0x00, 0x00, 0x00, 0x00, 0x00, 0x00, 0x00, 0x00, 0x00, 0x00, 0x00, 0x00, 0x00, 0x00 },
    { 0x6E, 0xFF, 0xE0, 0xFF, 0x14, 0x00, 0x14, 0x00, 0x14, 0x00, 0x16, 0x00, 0x05, 0x00, 0x00, 0x00, 0x0A, 0xD7, 0x23, 0x3C, 0x00, 0x00, 0x00, 0x00, 0x00, 0x00, 0x00, 0x00, 0x00, 0x00, 0x00, 0x00, 0x00, 0x00, 0x00, 0x00 },
    { 0x96, 0xFF, 0xE0, 0xFF, 0x0B, 0x00, 0x13, 0x00, 0x9B, 0x00, 0x00, 0x00, 0x05, 0x00, 0x00, 0x00, 0x0A, 0xD7, 0x23, 0x3C, 0x00, 0x00, 0x00, 0x00, 0x00, 0x00, 0x00, 0x00, 0x00, 0x00, 0x00, 0x00, 0x00, 0x00, 0x00, 0x00 },
    { 0xAC, 0xFF, 0xE0, 0xFF, 0x13, 0x00, 0x14, 0x00, 0x00, 0x00, 0x16, 0x00, 0x05, 0x00, 0x00, 0x00, 0x0A, 0xD7, 0x23, 0x3C, 0x00, 0x00, 0x00, 0x00, 0x00, 0x00, 0x00, 0x00, 0x00, 0x00, 0x00, 0x00, 0x00, 0x00, 0x00, 0x00 },
    { 0xD2, 0xFF, 0xE0, 0xFF, 0x11, 0x00, 0x13, 0x00, 0x72, 0x00, 0x16, 0x00, 0x05, 0x00, 0x00, 0x00, 0x0A, 0xD7, 0x23, 0x3C, 0x00, 0x00, 0x00, 0x00, 0x00, 0x00, 0x00, 0x00, 0x00, 0x00, 0x00, 0x00, 0x00, 0x00, 0x00, 0x00 },
    { 0xF4, 0xFF, 0xE0, 0xFF, 0x0E, 0x00, 0x14, 0x00, 0x63, 0x00, 0x16, 0x00, 0x05, 0x00, 0x00, 0x00, 0x0A, 0xD7, 0x23, 0x3C, 0x00, 0x00, 0x00, 0x00, 0x00, 0x00, 0x00, 0x00, 0x00, 0x00, 0x00, 0x00, 0x00, 0x00, 0x00, 0x00 },
    { 0x28, 0x00, 0xE0, 0xFF, 0x0D, 0x00, 0x14, 0x00, 0x00, 0x00, 0x30, 0x00, 0x05, 0x00, 0x00, 0x00, 0x0A, 0xD7, 0x23, 0x3C, 0x00, 0x00, 0x00, 0x00, 0x00, 0x00, 0x00, 0x00, 0x00, 0x00, 0x00, 0x00, 0x00, 0x00, 0x00, 0x00 },
    { 0x46, 0x00, 0xE0, 0xFF, 0x0D, 0x00, 0x14, 0x00, 0x00, 0x00, 0x30, 0x00, 0x05, 0x00, 0x00, 0x00, 0x0A, 0xD7, 0x23, 0x3C, 0x00, 0x00, 0x00, 0x00, 0x00, 0x00, 0x00, 0x00, 0x00, 0x00, 0x00, 0x00, 0x00, 0x00, 0x00, 0x00 },
    { 0x64, 0x00, 0xE0, 0xFF, 0x0D, 0x00, 0x14, 0x00, 0x00, 0x00, 0x30, 0x00, 0x05, 0x00, 0x00, 0x00, 0x0A, 0xD7, 0x23, 0x3C, 0x00, 0x00, 0x00, 0x00, 0x00, 0x00, 0x00, 0x00, 0x00, 0x00, 0x00, 0x00, 0x00, 0x00, 0x00, 0x00 },
    { 0x82, 0x00, 0xE0, 0xFF, 0x0D, 0x00, 0x14, 0x00, 0x00, 0x00, 0x30, 0x00, 0x05, 0x00, 0x00, 0x00, 0x0A, 0xD7, 0x23, 0x3C, 0x00, 0x00, 0x00, 0x00, 0x00, 0x00, 0x00, 0x00, 0x00, 0x00, 0x00, 0x00, 0x00, 0x00, 0x00, 0x00 },
    { 0xA0, 0x00, 0xE0, 0xFF, 0x0D, 0x00, 0x14, 0x00, 0x00, 0x00, 0x30, 0x00, 0x05, 0x00, 0x00, 0x00, 0x0A, 0xD7, 0x23, 0x3C, 0x00, 0x00, 0x00, 0x00, 0x00, 0x00, 0x00, 0x00, 0x00, 0x00, 0x00, 0x00, 0x00, 0x00, 0x00, 0x00 },
};

inline constexpr Text de_text[] = {
    { 0x00919970, "\x24\x41\x53\x00\x33\x50\x49\x45\x4C\x00\x56\x45\x52\x4C\x41\x53\x53\x45\x4E\x00\x55\x4E\x44\x00\x5A\x55\x4D\xFF" },
    { 0x0091998E, "\x34\x49\x54\x45\x4C\x42\x49\x4C\x44\x53\x43\x48\x49\x52\x4D\x00\x5A\x55\x52\x7F\x43\x4B\x4B\x45\x48\x52\x45\x4E\x1F\xFF" },
    { 0x009199AC, "\xFF" },
    { 0x009199D0, "\x2A\x41\xFF" },
    { 0x009199D4, "\x2E\x45\x49\x4E\xFF" },
    { 0x00919EA8, "\x26\x45\x4E\x53\x54\x45\x52\x46\x41\x52\x42\x45\xFF" },
    { 0x00919ED8, "\x33\x4F\x55\x4E\x44\xFF" },
    { 0x00919F08, "\x2B\x4F\x4E\x54\x52\x4F\x4C\x4C\x45\x52\xFF" },
    { 0x00919F38, "\x23\x55\x52\x53\x4F\x52\xFF" },
    { 0x00919F68, "\x21\x34\x22\xFF" },
    { 0x00919F98, "\x2B\x41\x4D\x50\x46\x54\x45\x4D\x50\x4F\xFF" },
    { 0x00919FC8, "\x2B\x41\x4D\x50\x46\x4D\x45\x4C\x44\x55\x4E\x47\xFF" },
    { 0x00919FF8, "\x26\x45\x4C\x44\x4D\x45\x4C\x44\x55\x4E\x47\xFF" },
    { 0x0091A028, "\x2B\x41\x4D\x45\x52\x41\x57\x49\x4E\x4B\x45\x4C\xFF" },
    { 0x0091A208, "\x2E\x4F\x52\x4D\x41\x4C\xFF" },
    { 0x0091A238, "\x22\x45\x4E\x55\x54\x5A\x45\x52\x44\x45\x46\x49\x4E\x49\x45\x52\x54\xFF" },
    { 0x0091A268, "\x21\x4E\x46\x41\x4E\x47\xFF" },
    { 0x0091A298, "\x33\x50\x45\x49\x43\x48\x45\x52\xFF" },
    { 0x0091A2C8, "\x21\x4B\x54\x49\x56\xFF" },
    { 0x0091A2F8, "\x25\x4D\x50\x46\x4F\x48\x4C\x45\x4E\xFF" },
    { 0x0091A328, "\x37\x41\x52\x54\x45\x4E\xFF" },
    { 0x0091A358, "\x21\x55\x54\x4F\xFF" },
    { 0x0091A388, "\x26\x45\x53\x54\xFF" },
    { 0x0091A3E8, "\x2C\x41\x4E\x47\x53\x0E\xFF" },
    { 0x0091A418, "\x33\x43\x48\x4E\x0E\xFF" },
    { 0x0091A4D8, "\x3A\x41\x55\x42\x45\x52\x46\x4F\x4C\x47\x45\xFF" },
    { 0x0091A508, "\x28\x45\x49\x4C\x55\x4E\x47\xFF" },
    { 0x0091A538, "\x21\x4E\x47\x52\x49\x46\x46\xFF" },
    { 0x0091A568, "\x29\x4E\x44\x49\x52\x45\x4B\x54\xFF" },
    { 0x0091A5C8, "\x34\x59\x50\xFF" },
    { 0x0091A888, "\x34\x4F\x4E\x0D\x00\x55\x4E\x44\x00\x2D\x55\x53\x49\x4B\x45\x49\x4E\x53\x54\x45\x4C\x4C\x55\x4E\x47\xFF" },
    { 0x0091A8A1, "\x2E\x49\x43\x48\x54\x00\x55\x4E\x54\x45\x52\x53\x54\x7F\x54\x5A\x54\xFF" },
    { 0x0091A8C0, "\x2F\x42\x4A\x45\x4B\x54\xFF" },
    { 0x0091A8D4, "\x3A\x41\x55\x42\x45\x52\xFF" },
    { 0x0091A8E8, "\x2D\x41\x54\x45\x52\x49\x41\xFF" },
    { 0x0091A8FC, "\x21\x55\x53\x52\x7F\x53\x54\x45\x4E\xFF" },
    { 0x0091A910, "\x37\x45\x52\x54\x45\xFF" },
    { 0x0091A924, "\x32\x45\x49\x48\x45\xFF" },
    { 0x0091A938, "\x2C\x49\x4D\x49\x54\xFF" },
    { 0x0091A94C, "\x2B\x4F\x4E\x46\x49\x47\xFF" },
    { 0x0091A960, "\x30\x28\x33\xFF" },
    { 0x0091A974, "\x33\x50\x45\x49\x43\x48\x45\x52\x4E\xFF" },
    { 0x0091A988, "\x36\x45\x52\x4C\x41\x53\x53\x45\x4E\xFF" },
    { 0x0091A9D8, "\x3A\x45\x49\x54\xFF" },
    { 0x0091A9EC, "\x27\x49\x4C\xFF" },
    { 0x0091AA00, "\x2E\x6A\x43\x48\x53\x54\x0E\x00\x2C\x56\xFF" },
    { 0x0091AA14, "\x2C\x49\x4D\x49\x54\x0D\x33\x54\x55\x46\x45\xFF" },
    { 0x0091AA28, "\x21\x4E\x4C\x45\x49\x54\x55\x4E\x47\xFF" },
    { 0x0091AA50, "\x2C\x36\x0B\x11\xFF" },
    { 0x0091AA64, "\x3A\x4F\x52\x4E\xFF" },
    { 0x0091AA78, "\x34\x52\x41\x55\x52\x49\x47\x4B\x0E\xFF" },
    { 0x0091ACB0, "\x2D\x49\x54\x00\x3B\x21\x22\x22\x32\x25\x23\x28\x25\x2E\x3D\x00\x42\x45\x45\x4E\x44\x45\x4E\x0E\xFF" },
    { 0x0091ACE2, "\x24\x52\x7F\x43\x4B\x45\x4E\x00\x33\x49\x45\x00\x41\x55\x46\x00\x3B\x2F\x0E\x2B\x0E\x3D\x00\x55\x4D\x00\x44\x49\x45\xFF" },
    { 0x0091AD14, "\x34\x41\x53\x54\x45\x4E\x42\x45\x4C\x45\x47\x55\x4E\x47\x00\x5A\x55\x00\x4B\x4F\x4E\x46\x49\x47\x55\x52\x49\x45\x52\x45\x4E\x0E\xFF" },
    { 0x0091AD46, "\x3B\x2F\x0E\x2B\x0E\x3D\xFF" },
    { 0x0091AD78, "\x3B\x21\x22\x22\x32\x25\x23\x28\x25\x2E\x3D\xFF" },
    { 0x0091ADAA, "\x3B\x2D\x25\x2E\x66\x3D\xFF" },
    { 0x0091ADDC, "\x3B\x35\x2D\x33\x23\x28\x21\x2C\x34\x25\x2E\x3D\xFF" },
    { 0x0091AE0E, "\x3B\x22\x29\x2C\x24\x00\x28\x2F\x23\x28\x3D\xFF" },
    { 0x0091AE40, "\x3B\x22\x29\x2C\x24\x00\x28\x25\x32\x35\x2E\x34\x25\x32\x3D\xFF" },
    { 0x0091AE72, "\x3B\x2B\x21\x2D\x25\x32\x21\x3D\xFF" },
    { 0x0091AEA4, "\x3B\x3A\x29\x25\x2C\x3D\xFF" },
    { 0x0091AED6, "\x3B\x28\x29\x2C\x26\x25\x3D\xFF" },
    { 0x0091AF08, "\x3B\x33\x34\x21\x32\x34\x3D\xFF" },
    { 0x0091AF3A, "\x3B\x28\x25\x32\x21\x35\x26\x3D\xFF" },
    { 0x0091AF6C, "\x3B\x35\x2E\x34\x25\x2E\x3D\xFF" },
    { 0x0091AF9E, "\x3B\x2C\x29\x2E\x2B\x33\x3D\xFF" },
    { 0x0091AFD0, "\x3B\x32\x25\x23\x28\x34\x3D\xFF" },
    { 0x0091B002, "\x34\x21\x33\x34\x21\x34\x35\x32\xFF" },
    { 0x0091B034, "\x2A\x2F\x39\x33\x34\x29\x23\x2B\xFF" },
    { 0x0091E7E0, "\x30\x41\x55\x53\x45\xFF" },
    { 0x0091E83C, "\x33\x43\x48\x4C\x41\x46\xFF" },
    { 0x0091E846, "\x27\x49\x46\x54\xFF" },
    { 0x0091E850, "\x34\x52\x41\x55\x52\x49\x47\x4B\x45\x49\x54\xFF" },
    { 0x0091E85A, "\x3A\x4F\x52\x4E\xFF" },
    { 0x0091E864, "\x36\x45\x52\x57\x49\x52\x52\x55\x4E\x47\xFF" },
    { 0x0091E86E, "\x33\x54\x55\x4D\x4D\x48\x45\x49\x54\xFF" },
    { 0x0091E878, "\x33\x43\x48\x4E\x45\x4C\x4C\xFF" },
    { 0x0091E882, "\x2C\x41\x4E\x47\x53\x41\x4D\xFF" },
    { 0x0091E88C, "\x33\x54\x4F\x50\xFF" },
    { 0x0091E8B4, "\x36\x45\x52\x53\x54\x45\x49\x4E\x45\x52\x55\x4E\x47\xFF" },
    { 0x0091E8BE, "\x52\x45\x47\x45\x4E\xFF" },
    { 0x0091E8DC, "\x64\xFF" },
    { 0x0091E8F0, "\x64\xFF" },
    { 0x0091E90E, "\x32\x45\x46\x4C\x45\x4B\x54\x49\x45\x52\x45\x4E\xFF" },
    { 0x0091E918, "\x24\x4F\x50\x50\x45\x4C\xFF" },
    { 0x0091E922, "\x33\x43\x48\x49\x4C\x44\xFF" },
    { 0x0091E92C, "\x64\xFF" },
    { 0x0091E9A0, "\x37\x49\x45\x56\x49\x45\x4C\x00\x57\x49\x4C\x4C\x53\x54\x00\x44\x55\x00\x41\x55\x53\x47\x45\x42\x45\x4E\x1F\xFF" },
    { 0x0091E9BC, "\x27\x49\x4C\xFF" },
    { 0x0091E9C0, "\x2E\x41\x43\x48\xFF" },
    { 0x0091E9C8, "\x27\x49\x4C\x00\x41\x55\x46\x00\x44\x45\x52\x00\x28\x41\x4E\x44\xFF" },
    { 0x0091EB88, "\x37\x45\x49\x54\x45\x52\x1F\xFF" },
    { 0x0091EB98, "\x2A\x41\x00\x00\x00\x00\x00\x2E\x45\x49\x4E\xFF" },
    { 0x0091EBB0, "\x36\x4F\x52\x48\x41\x4E\x44\x45\x4E\x45\x00\x33\x43\x48\x4C\x41\x43\x48\x54\x50\x55\x4E\x4B\x54\x45\xFF" },
    { 0x0091EBC6, "\x33\x43\x48\x4C\x49\x54\x5A\x53\x54\x41\x52\x54\x01\xFF" },
    { 0x0091EBDC, "\x34\x2F\x2C\x2C\x01\x01\xFF" },
    { 0x0091EC08, "\x2F\x4B\x0C\x00\x44\x41\x4E\x4E\x00\x4C\x4F\x53\x01\xFF" },
    { 0x0091EC28, "\xB2\x3A\x41\x55\x42\x45\x52\x53\x55\x42\x53\x54\x41\x4E\x5A\x00\x4B\x41\x50\x55\x54\x54\x0E\xB3\xFF" },
    { 0x0091EC48, "\xB2\x21\x55\x46\x52\x55\x46\x53\x55\x42\x53\x54\x41\x4E\x5A\x00\x4B\x41\x50\x55\x54\x54\x0E\xB3\xFF" },
    { 0x0091EC68, "\xB2\x33\x55\x50\x50\x4F\x52\x54\x0D\x33\x55\x42\x53\x54\x41\x4E\x5A\x00\x4B\x41\x50\x55\x54\x54\x0E\xB3\xFF" },
    { 0x0091EC88, "\xB2\x35\x4E\x41\x42\x48\x6A\x4E\x47\x49\x47\x45\x00\x33\x55\x42\x53\x54\x41\x4E\x5A\x00\x4B\x41\x50\x55\x54\x54\x0E\xB3\xFF" },
    { 0x0091ECA8, "\xB2\x22\x45\x46\x45\x48\x4C\x53\x53\x55\x42\x53\x54\x41\x4E\x5A\x00\x4B\x41\x50\x55\x54\x54\x0E\xB3\xFF" },
    { 0x0091ECC8, "\xB2\x21\x4C\x4C\x45\x00\x33\x55\x42\x53\x54\x41\x4E\x5A\x00\x4B\x41\x50\x55\x54\x54\x0E\xB3\xFF" },
    { 0x0091ECE8, "\xB2\x3A\x55\x42\x45\x48\x7A\x52\x00\x4B\x41\x50\x55\x54\x54\x0E\xB3\xFF" },
    { 0x0091ED08, "\xB2\x2F\x42\x4A\x45\x4B\x54\x42\x45\x46\x45\x48\x4C\x00\x49\x53\x54\x00\x56\x45\x52\x53\x49\x45\x47\x45\x4C\x54\x0E\xB3\xFF" },
    { 0x0091ED28, "\xB2\x32\x7F\x53\x54\x5A\x45\x55\x47\x00\x4B\x41\x50\x55\x54\x54\x0E\xB3\xFF" },
    { 0x0091ED48, "\xB2\x37\x41\x46\x46\x45\x00\x4B\x41\x50\x55\x54\x54\x0E\xB3\xFF" },
    { 0x0091ED68, "\xB2\x11\x0F\x12\x00\x27\x45\x53\x43\x48\x57\x49\x4E\x44\x49\x47\x4B\x45\x49\x54\x0E\xB3\xFF" },
    { 0x0091ED88, "\xB2\x11\x0F\x12\x00\x27\x45\x4E\x41\x55\x49\x47\x4B\x45\x49\x54\x0E\xB3\xFF" },
    { 0x0091EDA8, "\xB2\x2D\x49\x4E\x49\x4D\x55\x4D\xB3\xFF" },
    { 0x0091EDC8, "\xB2\x27\x49\x46\x54\xB3\xFF" },
    { 0x0091EDE8, "\xB2\x2B\x52\x7A\x54\x45\xB3\xFF" },
    { 0x0091EE08, "\xB2\x3A\x45\x49\x54\x00\x58\x13\x10\x00\x33\x43\x48\x41\x44\x45\x4E\x0E\xB3\xFF" },
    { 0x0091EE28, "\xB2\x15\x00\x25\x42\x45\x4E\x45\x4E\x00\x5A\x55\x52\x7F\x43\x4B\x0E\xB3\xFF" },
    { 0x0091EE48, "\xB2\x11\x10\x00\x25\x42\x45\x4E\x45\x4E\x00\x5A\x55\x52\x7F\x43\x4B\x0E\xB3\xFF" },
    { 0x0091EE68, "\xB2\x11\x0F\x12\x00\x28\x30\x0E\xB3\xFF" },
    { 0x0091EE88, "\xB2\x11\x0F\x12\x00\x2D\x30\x0E\xB3\xFF" },
    { 0x0091EEA8, "\xB2\x11\x0F\x12\x00\x28\x30\x06\x2D\x30\x0E\xB3\xFF" },
    { 0x0091EEC8, "\xB2\x2E\x55\x4C\x4C\x00\x2D\x30\x0E\xB3\xFF" },
    { 0x0091EEE8, "\xB2\x2A\x41\x41\x01\x00\x2B\x45\x49\x4E\x45\x00\x22\x45\x48\x49\x4E\x44\x45\x52\x55\x4E\x47\x01\x01\xB3\xFF" },
    { 0x0091EF08, "\xB2\x28\x30\x00\x57\x49\x45\x44\x45\x52\x48\x45\x52\x47\x45\x53\x54\x45\x4C\x4C\x54\x0E\xB3\xFF" },
    { 0x0091EF28, "\x22\x45\x53\x4F\x52\x47\x54\x00\x55\x4D\x00\x44\x49\x45\x00\x41\x4E\x44\x45\x52\x45\x4E\x00\x2D\x49\x54\x47\x4C\x49\x45\x44\x45\x52\x1F\xFF" },
    { 0x0091EF4A, "\x2A\x41\x0C\x00\x45\x49\x4E\x00\x42\x49\x87\x43\x48\x45\x4E\xFF" },
    { 0x0091EF6C, "\x25\x49\x47\x45\x4E\x54\x4C\x49\x43\x48\x00\x4E\x49\x43\x48\x54\xFF" },
    { 0x0091F0E0, "\x33\x50\x45\x49\x43\x48\x45\x52\x4E\xFF" },
    { 0x0091F140, "\x32\x45\x46\x4F\x52\x4D\x49\x45\x52\x45\x4E\xFF" },
    { 0x0091F166, "\x2D\x49\x54\x47\x4C\x49\x45\x44\x45\x4E\x00\x49\x4E\x00\x5A\x57\x45\x49\x00\x27\x52\x55\x50\x50\x45\x4E\x00\x41\x55\x46\x54\x45\x49\x4C\x45\x4E\xFF" },
    { 0x0091F18C, "\x2D\x49\x54\x47\x4C\x49\x45\x44\x45\x52\x00\x49\x4E\x00\x44\x52\x45\x49\x00\x27\x52\x55\x50\x50\x45\x4E\x00\x41\x55\x46\x54\x45\x49\x4C\x45\x4E\xFF" },
    { 0x0091F1B2, "\x27\x52\x55\x50\x50\x45\x00\x41\x55\x53\x00\x5A\x57\x45\x49\x00\x30\x45\x52\x53\x4F\x4E\x45\x4E\x00\x42\x49\x4C\x44\x45\x4E\xFF" },
    { 0x0091F1D8, "\x27\x52\x55\x50\x50\x45\x00\x41\x55\x53\x00\x44\x52\x45\x49\x00\x30\x45\x52\x53\x4F\x4E\x45\x4E\x00\x42\x49\x4C\x44\x45\x4E\xFF" },
    { 0x0091F1FE, "\x22\x45\x53\x54\x6A\x54\x49\x47\x45\x4E\x00\x4D\x49\x54\x00\x2D\x45\x4E\x7F\x0D\x34\x41\x53\x54\x45\xFF" },
    { 0x0091F422, "\x37\x41\x46\x0E\xFF" },
    { 0x0091F438, "\x32\x7F\x53\x0E\xFF" },
    { 0x0091F44E, "\x21\x43\x43\x0E\xFF" },
    { 0x0091F464, "\x2C\x49\x4D\x49\x54\x0D\x25\x42\x45\x4E\x45\xFF" },
    { 0x0091F4D8, "\x33\x34\x35\x26\x25\x00\x11\xFF" },
    { 0x0091F4FC, "\x33\x34\x35\x26\x25\x00\x12\xFF" },
    { 0x0091F520, "\x33\x34\x35\x26\x25\x00\x13\xFF" },
    { 0x0091F544, "\x33\x34\x35\x26\x25\x00\x14\xFF" },
    { 0x0091F568, "\x2C\x29\x2D\x29\x34\x0D\x33\x34\x35\x26\x25\x00\x45\x49\x4E\x52\x49\x43\x48\x54\x45\x4E\x0E\xFF" },
    { 0x0091F58C, "\x25\x49\x4E\x52\x49\x43\x48\x54\x45\x4E\xFF" },
    { 0x0091F5B0, "\x30\x52\x7F\x46\x45\x4E\xFF" },
    { 0x0091F5D4, "\x22\x45\x49\x00\x60\x4E\x44\x45\x52\x55\x4E\x47\x00\x44\x45\x52\x00\x33\x34\x35\x26\x25\xFF" },
    { 0x0091F5F8, "\x22\x45\x47\x49\x4E\x4E\x00\x42\x45\x49\x00\x2C\x49\x4D\x49\x54\x0D\x30\x55\x4E\x4B\x54\x00\x10\x0E\xFF" },
    { 0x0091F61C, "\x33\x34\x35\x26\x25\x00\x6A\x4E\x44\x45\x52\x4E\x1F\xFF" },
    { 0x0091F640, "\x2A\x41\xFF" },
    { 0x0091F664, "\x2E\x45\x49\x4E\xFF" },
    { 0x0091F688, "\x2C\x49\x4D\x49\x54\x00\x47\x45\x57\x6A\x48\x4C\x54\x01\xFF" },
    { 0x0091F6AC, "\x33\x34\x35\x26\x25\x00\x57\x6A\x48\x4C\x45\x4E\xFF" },
    { 0x00920540, "\x28\x49\x54\x5A\x45\xFF" },
    { 0x0092054A, "\x2B\x6A\x4C\x54\x45\xFF" },
    { 0x00920554, "\x27\x45\x57\x49\x54\x54\x45\x52\xFF" },
    { 0x0092055E, "\x25\x52\x44\x45\xFF" },
    { 0x00920568, "\x27\x49\x46\x54\xFF" },
    { 0x00920572, "\x33\x43\x48\x57\x45\x52\x4B\x52\x41\x46\x54\xFF" },
    { 0x0092057C, "\x37\x41\x53\x53\x45\x52\xFF" },
    { 0x00920586, "\x37\x49\x4E\x44\xFF" },
    { 0x00920590, "\x28\x45\x49\x4C\x49\x47\xFF" },
    { 0x009205A0, "\x34\x4F\x44\xFF" },
    { 0x009205B4, "\x27\x45\x46\x41\x48\x52\xFF" },
    { 0x009205C8, "\x33\x43\x48\x4C\x41\x46\xFF" },
    { 0x009205DC, "\x27\x49\x46\x54\xFF" },
    { 0x009205F0, "\x34\x52\x41\x55\x45\x52\xFF" },
    { 0x00920604, "\x3A\x4F\x52\x4E\xFF" },
    { 0x00920618, "\x30\x53\x59\x43\x48\x4F\xFF" },
    { 0x0092062C, "\x33\x43\x48\x57\x45\x49\x47\x45\x4E\xFF" },
    { 0x00920640, "\x28\x41\x53\x54\xFF" },
    { 0x00920654, "\x27\x45\x4D\x41\x43\x48\xFF" },
    { 0x00920668, "\x33\x54\x4F\x50\xFF" },
    { 0x0092067C, "\x26\x52\x4F\x53\x43\x48\xFF" },
    { 0x00920690, "\x3A\x57\x45\x52\x47\xFF" },
    { 0x009206A4, "\x21\x4C\x4C\x4D\x0E\x36\x45\x52\x53\x54\x45\x49\x4E\x0E\xFF" },
    { 0x009206B8, "\x36\x45\x52\x53\x54\x45\x49\x4E\x0E\xFF" },
    { 0x009206CC, "\x28\x45\x49\x4C\x55\x4E\x47\xFF" },
    { 0x009206E0, "\x22\x41\x52\x52\x49\x45\x52\x45\xFF" },
    { 0x009206F4, "\x3A\x22\x41\x52\x52\x0E\xFF" },
    { 0x00920708, "\x37\x41\x53\x53\x45\x52\xFF" },
    { 0x00920730, "\x33\x43\x48\x49\x4C\x44\xFF" },
    { 0x00920744, "\x34\x4F\x44\x45\x53\x55\x52\x54\x45\x49\x4C\xFF" },
    { 0x00920758, "\x2D\x41\x4E\x49\x50\x55\x4C\x0E\xFF" },
    { 0x0092076C, "\x34\x4F\x42\x53\x55\x43\x48\x54\xFF" },
    { 0x00920780, "\x35\x4E\x56\x45\x52\x57\x55\x4E\x44\x42\x41\x52\xFF" },
    { 0x00920794, "\x2C\x6A\x48\x4D\x55\x4E\x47\xFF" },
    { 0x009207A8, "\x22\x4C\x49\x4E\x44\xFF" },
    { 0x009207C0, "\x25\x4C\x45\x4D\x45\x4E\x54\x0F\x2E\x45\x42\x45\x4E\x57\x49\x52\x4B\x55\x4E\x47\xFF" },
    { 0x009207CF, "\x3A\x55\x53\x41\x54\x5A\x57\x49\x52\x4B\x55\x4E\x47\xFF" },
    { 0x009207DE, "\x21\x4E\x47\x52\x49\x46\x46\xFF" },
    { 0x009207ED, "\x36\x45\x52\x54\x45\x49\x44\x49\x47\x55\x4E\x47\xFF" },
    { 0x009207FC, "\x28\x41\x4C\x42\x49\x45\x52\x45\x4E\xFF" },
    { 0x0092080B, "\x35\x4E\x57\x49\x52\x4B\x53\x41\x4D\xFF" },
    { 0x0092081A, "\x21\x42\x53\x4F\x52\x42\x49\x45\x52\x45\x4E\xFF" },
    { 0x00920856, "\x33\x54\x6A\x52\x4B\x45\xFF" },
    { 0x00920865, "\x27\x45\x53\x43\x48\x49\x43\x4B\xFF" },
    { 0x00920874, "\x36\x49\x54\x41\x4C\x49\x54\x6A\x54\xFF" },
    { 0x00920883, "\x3A\x41\x55\x42\x45\x52\xFF" },
    { 0x00920892, "\x27\x45\x4D\x7F\x54\xFF" },
    { 0x009208A1, "\x27\x4C\x7F\x43\x4B\xFF" },
    { 0x009208B0, "\x21\x4E\x47\x52\x49\x46\x46\xFF" },
    { 0x009208BF, "\x21\x4E\x47\x52\x49\x46\x46\x00\x05\xFF" },
    { 0x009208CE, "\x36\x45\x52\x54\x45\x49\x44\x49\x47\x55\x4E\x47\xFF" },
    { 0x009208DD, "\x36\x45\x52\x54\x45\x49\x44\x49\x47\x55\x4E\x47\x00\x05\xFF" },
    { 0x009208EC, "\x3A\x41\x55\x42\x45\x52\xFF" },
    { 0x009208FB, "\x3A\x41\x55\x42\x45\x52\x41\x42\x57\x45\x48\x52\xFF" },
    { 0x0092090A, "\x3A\x41\x55\x42\x45\x52\x41\x42\x57\x0E\x00\x05\xFF" },
    { 0x00920919, "\x37\x41\x46\x0E\xFF" },
    { 0x00920928, "\x32\x7F\x53\x0E\xFF" },
    { 0x00920937, "\x21\x43\x43\x0E\xFF" },
    { 0x00920946, "\x2C\x49\x4D\x49\x54\x0D\x33\x54\x55\x46\x45\xFF" },
    { 0x009209A8, "\x37\x41\x46\x0E\xFF" },
    { 0x009209B4, "\x32\x7F\x53\x0E\xFF" },
    { 0x009209C0, "\x21\x43\x43\x0E\xFF" },
    { 0x009209CC, "\x3A\x55\x42\x0E\xFF" },
    { 0x009209D8, "\x33\x54\x6A\x52\x4B\x45\xFF" },
    { 0x009209E4, "\x27\x45\x53\x43\x48\x49\x43\x4B\xFF" },
    { 0x009209F0, "\x36\x49\x54\x41\x4C\x49\x54\x6A\xFF" },
    { 0x009209FC, "\x3A\x41\x55\x42\x45\x52\xFF" },
    { 0x00920A08, "\x2D\x4F\x52\x41\x4C\xFF" },
    { 0x00920A14, "\x27\x4C\x7F\x43\x4B\xFF" },
    { 0x00920A20, "\x21\x4E\x47\x52\x49\x46\x46\xFF" },
    { 0x00920A2C, "\x21\x4E\x47\x52\x49\x46\x46\x00\x05\xFF" },
    { 0x00920A38, "\x36\x45\x52\x54\x45\x49\x44\x49\x47\x55\x4E\x47\xFF" },
    { 0x00920A44, "\x36\x45\x52\x54\x45\x49\x44\x49\x47\x55\x4E\x47\x00\x05\xFF" },
    { 0x00920A50, "\x3A\x41\x55\x42\x45\x52\xFF" },
    { 0x00920A5C, "\x3A\x41\x55\x42\x45\x52\x41\x42\x57\x45\x48\x52\xFF" },
    { 0x00920A68, "\x3A\x41\x55\x42\x45\x52\x41\x42\x57\x0E\x00\x05\xFF" },
    { 0x00920A74, "\x26\x41\x53\x53\x55\x4E\x47\x1A\xFF" },
    { 0x00920A80, "\x37\x41\x43\x48\x53\x54\x55\x4D\x1A\xFF" },
    { 0x00920A8C, "\x2B\x45\x49\x4E\x45\xFF" },
    { 0x00920A98, "\x2E\x4F\x52\x4D\x41\x4C\xFF" },
    { 0x00920AA4, "\x24\x4F\x50\x50\x45\x4C\x54\xFF" },
    { 0x00920AB0, "\x24\x52\x45\x49\x46\x41\x43\x48\xFF" },
    { 0x00920B18, "\x33\x4F\x4C\x4C\x00\x44\x41\x53\x00\x57\x49\x52\x4B\x4C\x49\x43\x48\x00\x45\x4E\x54\x46\x45\x52\x4E\x54\x00\x57\x45\x52\x44\x45\x4E\x1F\xFF" },
    { 0x00920B3C, "\x2A\x41\x01\xFF" },
    { 0x00920B60, "\x25\x49\x4E\x45\x4E\x00\x2D\x4F\x4D\x45\x4E\x54\xFF" },
    { 0x00920B84, "\x33\x45\x50\x48\x49\x52\x4F\x54\x48\xB2\xA9\xA9\xB3\xFF" },
    { 0x00920BA8, "\x37\x41\x46\x0E\xFF" },
    { 0x00920BBC, "\x32\x7F\x53\x0E\xFF" },
    { 0x00920BD0, "\x26\x6A\x48\x49\x47\x4B\x45\x49\x54\x53\x4C\x49\x53\x54\x45\xFF" },
    { 0x00920BE4, "\x32\x7F\x53\x54\x55\x4E\x47\x53\x45\x46\x46\x45\x4B\x54\xFF" },
    { 0x00920BF8, "\x30\x52\x7F\x46\x45\x4E\xFF" },
    { 0x00920C0C, "\x2F\x52\x44\x4E\x45\x4E\xFF" },
    { 0x00920C34, "\x21\x30\xFF" },
    { 0x00920C48, "\x21\x55\x46\x00\x4E\x6A\x43\x48\x53\x54\x45\x00\x25\x42\x45\x4E\x45\xFF" },
    { 0x00920C5C, "\x2D\x21\x33\x34\x25\x32\xFF" },
    { 0x00920C70, "\x2F\x52\x44\x4E\x45\x4E\xFF" },
    { 0x00920C84, "\x34\x41\x55\x53\x43\x48\x45\x4E\xFF" },
    { 0x00920C98, "\x21\x4C\x4C\x45\x53\x00\x45\x4E\x54\x46\x45\x52\x4E\x45\x4E\xFF" },
    { 0x00920CAC, "\x37\x45\x47\x57\x45\x52\x46\x45\x4E\xFF" },
    { 0x00920CD4, "\x27\x45\x53\x43\x48\x57\x49\x4E\x44\x49\x47\x4B\x45\x49\x54\x00\x00\x00\x05\x28\x65\x28\x25\x32\xFF" },
    { 0x00920CE8, "\x33\x43\x48\x55\x54\x5A\x00\x00\x05\x28\x65\x28\x25\x32\xFF" },
    { 0x00920CFC, "\x3A\x41\x55\x42\x45\x52\x4B\x52\x41\x46\x54\x00\x00\x00\x05\x28\x65\x28\x25\x32\xFF" },
    { 0x00920D10, "\x27\x4C\x7F\x43\x4B\x00\x00\x00\x05\x28\x65\x28\x25\x32\xFF" },
    { 0x00920D24, "\x2D\x21\x33\x34\x25\x32\xFF" },
    { 0x00920D38, "\x33\x54\x6A\x52\x4B\x45\xFF" },
    { 0x00920D4C, "\x36\x49\x54\x41\x4C\x49\x54\x6A\x54\xFF" },
    { 0x00920D60, "\x3A\x41\x55\x42\x45\x52\xFF" },
    { 0x00920D74, "\x3A\x42\x52\x56\x45\x52\x54\x44\x47\xFF" },
    { 0x00920D88, "\x27\x45\x53\x43\x48\x49\x43\x4B\xFF" },
    { 0x00920D9C, "\x27\x4C\x7F\x43\x4B\xFF" },
    { 0x00920DB0, "\x2D\x21\x38\x28\x30\xFF" },
    { 0x00920DC4, "\x2D\x21\x38\x2D\x30\xFF" },
    { 0x00920DD8, "\x2D\x21\x38\x28\x30\xFF" },
    { 0x00920DEC, "\x2D\x21\x38\x2D\x30\xFF" },
    { 0x00920E00, "\x25\x38\x30\x0E\x35\x30\xFF" },
    { 0x00920E14, "\x27\x49\x4C\x00\x35\x30\xFF" },
    { 0x00920E28, "\x34\x52\x45\x46\x46\x45\x4E\x00\x0D\x00\x05\xFF" },
    { 0x00920E3C, "\x34\x52\x45\x46\x46\x45\x4E\x00\x0B\x00\x05\xFF" },
    { 0x00920E50, "\x23\x48\x4F\x43\x4F\x42\x4F\x00\x54\x52\x45\x46\x46\x45\x4E\xFF" },
    { 0x00920E64, "\x30\x52\x6A\x56\x45\x4E\x54\x49\x56\x4D\x0E\x00\x0B\x00\x05\xFF" },
    { 0x00920E78, "\x26\x45\x52\x4E\x41\x4E\x47\x52\x49\x46\x46\xFF" },
    { 0x00920E8C, "\x21\x4C\x4C\x45\x00\x41\x4E\x47\x52\x45\x49\x46\x45\x4E\xFF" },
    { 0x00920EA0, "\x27\x45\x47\x45\x4E\x41\x4E\x47\x52\x49\x46\x46\xFF" },
    { 0x00920FE8, "\x3A\x41\x55\x42\x45\x52\xFF" },
    { 0x00920FFC, "\x22\x45\x53\x43\x48\x57\x7A\x52\x45\x4E\xFF" },
    { 0x00921010, "\x26\x45\x49\x4E\x44\x54\x45\x43\x48\x4E\x49\x4B\xFF" },
    { 0x00921024, "\x3A\x55\x53\x6A\x54\x5A\x4C\x49\x43\x48\x45\x00\x26\x6A\x48\x49\x47\x4B\x45\x49\x54\xFF" },
    { 0x00921038, "\x21\x4C\x4C\x45\xFF" },
    { 0x0092104C, "\x14\x58\x0D\x3A\x42\x45\x52\xFF" },
    { 0x00921060, "\x2D\x30\x00\x41\x42\x53\x4F\x52\x42\x0E\xFF" },
    { 0x00921074, "\x28\x30\x00\x41\x42\x53\x4F\x52\x42\x0E\xFF" },
    { 0x00921088, "\xFF" },
    { 0x0092109C, "\x21\x55\x43\x48\x00\x53\x54\x45\x48\x4C\x0E\xFF" },
    { 0x009210B0, "\x33\x43\x48\x4C\x41\x47\xFF" },
    { 0x009210C4, "\x34\x55\x52\x42\x4F\x0D\x2D\x30\xFF" },
    { 0x009210D8, "\x2E\x49\x43\x48\x54\x53\xFF" },
    { 0x009210EC, "\x2E\x49\x43\x48\x54\x00\x47\x45\x4E\x55\x47\x00\x2D\x30\x0E\xFF" },
    { 0x00921168, "\x36\x45\x52\x57\x45\x4E\x44\x45\x4E\xFF" },
    { 0x00921174, "\x2F\x52\x44\x4E\x45\x4E\xFF" },
    { 0x00921180, "\x33\x43\x48\x4C\x7F\x53\x53\x45\x4C\x4F\x42\x4A\x45\x4B\x54\x45\xFF" },
    { 0x0092118C, "\x21\x4C\x4C\x45\x49\x4E\xFF" },
    { 0x00921198, "\x26\x45\x4C\x44\xFF" },
    { 0x009211A4, "\x33\x43\x48\x4C\x41\x43\x48\x54\xFF" },
    { 0x009211B0, "\x37\x45\x52\x46\x45\x4E\xFF" },
    { 0x009211BC, "\x34\x59\x50\xFF" },
    { 0x009211C8, "\x2E\x41\x4D\x45\xFF" },
    { 0x009211D4, "\x2D\x41\x58\x0E\xFF" },
    { 0x009211E0, "\x2D\x49\x4E\x0E\xFF" },
    { 0x009211F0, "\x2F\x2B\x01\x00\x2B\x4C\x41\x52\x01\xFF" },
    { 0x00921212, "\x29\x43\x48\x00\x42\x49\x4E\x00\x4E\x49\x43\x48\x54\x00\x53\x49\x43\x48\x45\x52\x0C\x00\x41\x42\x45\x52\xA9\xFF" },
    { 0x00921234, "\x29\x53\x54\x00\x4D\x49\x52\x00\x45\x47\x41\x4C\x0E\xFF" },
    { 0x00921256, "\x28\x45\x48\x01\x00\x28\x45\x48\x01\xFF" },
    { 0x00921278, "\x36\x0D\x56\x0D\x56\x45\x52\x44\x41\x4D\x4D\x54\x01\x00\x2D\x45\x49\x4E\x00\x2B\x4F\x50\x46\x01\xFF" },
    { 0x0092129A, "\x28\x41\x54\x00\x4E\x49\x43\x48\x54\x53\x00\x4D\x49\x54\x00\x4D\x49\x52\x00\x5A\x55\x00\x54\x55\x4E\x01\xFF" },
    { 0x009212BC, "\x28\x4D\x4D\x0C\x00\x44\x41\x53\x00\x57\x6A\x52\x07\x53\x00\x41\x4C\x53\x4F\x0E\xFF" },
    { 0x009212DE, "\x29\x43\x48\x00\x42\x49\x4E\x00\x4E\x49\x43\x48\x54\x00\x53\x49\x43\x48\x45\x52\x0C\x00\x41\x42\x45\x52\xA9\xFF" },
    { 0x00921300, "\x29\x43\x48\x00\x48\x41\x42\x00\x44\x49\x45\x00\x46\x41\x4C\x53\x43\x48\x45\x00\x30\x45\x52\x53\x4F\x4E\x00\x45\x52\x57\x49\x53\x43\x48\x54\x0E\xFF" },
    { 0x00921322, "\x24\x41\x53\x00\x53\x4F\x4C\x4C\x54\x45\x00\x4F\x4B\x00\x53\x45\x49\x4E\x0E\xFF" },
    { 0x00921344, "\x2E\x4F\x43\x48\x00\x4E\x49\x43\x48\x54\x00\x47\x41\x4E\x5A\x00\x42\x45\x52\x45\x49\x54\x0E\xFF" },
    { 0x00921366, "\x2E\x45\x49\x4E\x0C\x00\x49\x43\x48\x00\x42\x49\x4E\x00\x45\x53\x00\x4E\x49\x43\x48\x54\x0E\xFF" },
    { 0x00921388, "\x2F\x4B\x0C\x00\x4B\x4C\x41\x52\x01\xFF" },
    { 0x009213AA, "\x2B\x41\x50\x49\x45\x52\x00\x49\x43\x48\x00\x4E\x49\x43\x48\x54\x0E\xFF" },
    { 0x009213CC, "\x28\x41\x54\x00\x4E\x49\x43\x48\x54\x53\x00\x4D\x49\x54\x00\x4D\x49\x52\x00\x5A\x55\x00\x54\x55\x4E\x0E\xFF" },
    { 0x009213EE, "\x23\x4F\x4F\x4C\x01\x00\x24\x41\x53\x00\x53\x4F\x4C\x4C\x54\x45\x00\x4F\x4B\x00\x53\x45\x49\x4E\x01\xFF" },
    { 0x00921410, "\x2E\x45\x45\x01\x00\x2B\x41\x50\x49\x45\x52\x00\x49\x43\x48\x00\x4E\x49\x43\x48\x54\x01\xFF" },
    { 0x00921432, "\x2D\x41\x4E\x4E\x0C\x00\x49\x43\x48\x00\x54\x41\x50\x50\x00\x54\x4F\x54\x41\x4C\x00\x49\x4D\x00\x24\x55\x4E\x4B\x45\x4C\x4E\x01\xFF" },
    { 0x00921454, "\x29\x43\x48\x00\x56\x45\x52\x4C\x49\x45\x52\x00\x49\x4D\x4D\x45\x52\x00\x4D\x45\x48\x52\x00\x2D\x45\x4E\x53\x43\x48\x4C\x49\x43\x48\x45\x53\xA9\xFF" },
    { 0x00921476, "\x29\x43\x48\x00\x42\x49\x4E\x00\x4E\x4F\x43\x48\x00\x4E\x49\x43\x48\x54\x00\x42\x45\x52\x45\x49\x54\x0E\xFF" },
    { 0x00921498, "\x25\x53\x00\x48\x41\x54\x00\x4E\x49\x43\x48\x54\x53\x00\x4D\x49\x54\x00\x4D\x49\x52\x00\x5A\x55\x00\x54\x55\x4E\x0E\xFF" },
    { 0x009214BA, "\x24\x41\x53\x00\x47\x45\x46\x6A\x4C\x4C\x54\x00\x4D\x49\x52\x01\x00\x28\x45\x52\x00\x44\x41\x4D\x49\x54\x01\xFF" },
    { 0x009214DC, "\x28\x4D\x50\x48\x0E\x00\x28\x41\x42\x00\x49\x43\x48\x00\x4E\x49\x43\x48\x54\x00\x47\x41\x4E\x5A\x00\x4B\x41\x50\x49\x45\x52\x54\x0C\x00\x41\x42\x45\x52\xA9\xFF" },
    { 0x009214FE, "\x2E\x49\x43\x48\x54\x00\x49\x43\x48\x01\x00\x27\x49\x42\x00\x45\x53\x00\x4A\x45\x4D\x41\x4E\x44\x00\x41\x4E\x44\x45\x52\x53\x01\xFF" },
    { 0x00921520, "\x25\x53\x00\x48\x41\x54\x00\x4E\x49\x43\x48\x54\x53\x00\x4D\x49\x54\x00\x4D\x49\x52\x00\x5A\x55\x00\x54\x55\x4E\x0E\xFF" },
    { 0x00921CB8, "\x23\x4C\x4F\x55\x44\xFF" },
    { 0x00921CC4, "\x22\x41\x52\x52\x45\x54\xFF" },
    { 0x00921CD0, "\x34\x49\x46\x41\xFF" },
    { 0x00921CDC, "\x21\x45\x52\x49\x53\xFF" },
    { 0x00921CE8, "\x32\x45\x44\x00\x38\x29\x29\x29\xFF" },
    { 0x00921CF4, "\x39\x55\x46\x46\x49\x45\xFF" },
    { 0x00921D00, "\x23\x41\x49\x54\x00\x33\x49\x54\x48\xFF" },
    { 0x00921D0C, "\x36\x49\x4E\x43\x45\x4E\x54\xFF" },
    { 0x00921D18, "\x23\x49\x44\xFF" },
    { 0x00921D24, "\x23\x48\x4F\x43\x4F\xFF" },
    { 0x00921D48, "\x2C\x45\x45\x52\xFF" },
    { 0x00921D50, "\x2C\x7A\x53\x43\x48\x45\x4E\xFF" },
    { 0x00921D58, "\x21\x55\x53\x57\x6A\x48\x4C\x45\x4E\xFF" },
    { 0x00921D60, "\x33\x54\x41\x4E\x44\x41\x52\x44\xFF" },
    { 0x00921D68, "\x21\x42\x42\x52\x45\x43\x48\x45\x4E\xFF" },
    { 0x00922920, "\x33\x4F\x4C\x4C\x00\x44\x41\x53\x00\x57\x49\x52\x4B\x4C\x49\x43\x48\x00\x45\x4E\x54\x46\x45\x52\x4E\x54\x00\x57\x45\x52\x44\x45\x4E\x1F\xFF" },
    { 0x00922944, "\x2A\x41\x01\xFF" },
    { 0x00922968, "\x25\x49\x4E\x45\x4E\x00\x2D\x4F\x4D\x45\x4E\x54\xFF" },
    { 0x0092298C, "\x33\x45\x50\x48\x49\x52\x4F\x54\x48\xB2\xA9\xA9\xB3\xFF" },
    { 0x009229B0, "\x37\x41\x46\x0E\xFF" },
    { 0x009229C4, "\x32\x7F\x53\x0E\xFF" },
    { 0x009229D8, "\x26\x6A\x48\x49\x47\x4B\x45\x49\x54\x4C\x49\x53\x54\x45\xFF" },
    { 0x009229EC, "\x32\x7F\x53\x54\x55\x4E\x47\x53\x45\x46\x46\x45\x4B\x54\xFF" },
    { 0x009229F0, "\xFF" },
    { 0x00922A00, "\x30\x52\x7F\x46\x45\x4E\xFF" },
    { 0x00922A14, "\x2F\x52\x44\x4E\x45\x4E\xFF" },
    { 0x00922A3C, "\x21\x30\xFF" },
    { 0x00922A50, "\x21\x55\x46\x00\x4E\x6A\x43\x48\x53\x54\x45\x00\x25\x42\x45\x4E\x45\xFF" },
    { 0x00922A64, "\x2D\x21\x33\x34\x25\x32\xFF" },
    { 0x00922A78, "\x2F\x52\x44\x4E\x45\x4E\xFF" },
    { 0x00922A8C, "\x34\x41\x55\x53\x43\x48\x45\x4E\xFF" },
    { 0x00922AA0, "\x21\x4C\x4C\x45\x53\x00\x45\x4E\x54\x46\x45\x52\x4E\x45\x4E\xFF" },
    { 0x00922AB4, "\x37\x45\x47\x57\x45\x52\x46\x45\x4E\xFF" },
    { 0x00922ADC, "\x27\x45\x53\x43\x48\x57\x49\x4E\x44\x49\x47\x4B\x45\x49\x54\x00\x00\x05\x28\x65\x28\x25\x32\xFF" },
    { 0x00922AF0, "\x33\x43\x48\x55\x54\x5A\x00\x00\x05\x28\x65\x28\x25\x32\xFF" },
    { 0x00922B04, "\x3A\x41\x55\x42\x45\x52\x4B\x52\x41\x46\x54\x00\x00\x05\x28\x65\x28\x25\x32\xFF" },
    { 0x00922B18, "\x27\x4C\x7F\x43\x4B\x00\x00\x05\x28\x65\x28\x25\x32\xFF" },
    { 0x00922B2C, "\x2D\x21\x33\x34\x25\x32\xFF" },
    { 0x00922B40, "\x33\x54\x6A\x52\x4B\x45\xFF" },
    { 0x00922B54, "\x36\x49\x54\x41\x4C\x49\x54\x6A\x54\xFF" },
    { 0x00922B68, "\x3A\x41\x55\x42\x45\x52\xFF" },
    { 0x00922B7C, "\x3A\x42\x52\x56\x45\x52\x54\x44\x47\xFF" },
    { 0x00922B90, "\x27\x45\x53\x43\x48\x49\x43\x4B\xFF" },
    { 0x00922BA4, "\x27\x4C\x7F\x43\x4B\xFF" },
    { 0x00922BB8, "\x2D\x21\x38\x28\x30\xFF" },
    { 0x00922BCC, "\x2D\x21\x38\x2D\x30\xFF" },
    { 0x00922BE0, "\x2D\x21\x38\x28\x30\xFF" },
    { 0x00922BF4, "\x2D\x21\x38\x2D\x30\xFF" },
    { 0x00922C08, "\x33\x54\x6A\x52\x4B\x45\xFF" },
    { 0x00922C1C, "\x36\x49\x54\x41\x4C\x49\x54\x6A\x54\xFF" },
    { 0x00922C30, "\x34\x52\x45\x46\x46\x45\x4E\x00\x0D\x00\x05\xFF" },
    { 0x00922C44, "\x34\x52\x45\x46\x46\x45\x4E\x00\x0B\x00\x05\xFF" },
    { 0x00922C58, "\x23\x48\x4F\x43\x4F\x42\x4F\x00\x34\x52\x45\x46\x46\x45\x4E\xFF" },
    { 0x00922C6C, "\x30\x52\x6A\x56\x45\x4E\x54\x49\x56\x4D\x0E\x00\x0B\x00\x05\xFF" },
    { 0x00922C80, "\x26\x45\x52\x4E\x41\x4E\x47\x52\x49\x46\x46\xFF" },
    { 0x00922C94, "\x21\x4C\x4C\x45\x00\x41\x4E\x47\x52\x45\x49\x46\x45\x4E\xFF" },
    { 0x00922CA8, "\x27\x45\x47\x45\x4E\x41\x4E\x47\x52\x49\x46\x46\xFF" },
    { 0x00922CF8, "\x21\xFF" },
    { 0x00922CFA, "\x36\xFF" },
    { 0x00922D00, "\x2B\x41\x55\x46\x45\x4E\x00\x00\x00\x00\x00\x00\x36\x45\x52\x4B\x41\x55\x46\x45\x4E\x00\x00\x22\x45\x45\x4E\x44\x45\x4E\xFF" },
    { 0x00922D14, "\x27\x49\x4C\xFF" },
    { 0x00922D28, "\x22\x45\x53\x49\x54\x5A\xFF" },
    { 0x00922D3C, "\x21\x55\x53\x53\x54\x41\x54\x54\x55\x4E\x47\xFF" },
    { 0x00922D50, "\x27\x45\x53\x41\x4D\x54\xFF" },
    { 0x00922D64, "\x37\x49\x45\x56\x49\x45\x4C\xFF" },
    { 0x00922D78, "\x2F\x42\x4A\x45\x4B\x54\x00\x00\x00\x00\x2D\x41\x54\x45\x52\x49\x41\xFF" },
    { 0x00922D8C, "\x21\x4C\x4C\x45\x00\x41\x4E\x47\x52\x45\x49\x46\x45\x4E\xFF" },
    { 0x00922DA0, "\x30\x52\x45\x49\x53\x00\x46\x7F\x52\x00\x2D\x41\x53\x54\x45\x52\xFF" },
    { 0x00922DB4, "\x30\x52\x45\x49\x53\x00\x44\x55\x52\x43\x48\x00\x21\x30\xFF" },
    { 0x00922DC8, "\x33\x54\x6A\x4E\x44\x49\x47\x45\x52\x00\x21\x4E\x47\x52\x49\x46\x46\xFF" },
    { 0x00922DDE, "\x28\x30\x0F\x2D\x30\x0D\x60\x4E\x44\x45\x52\x55\x4E\x47\xFF" },
    { 0x00922DF4, "\x2B\x41\x55\x46\x45\x4E\xFF" },
    { 0x00922F6A, "\x36\x45\x52\x4B\x41\x55\x46\x45\x4E\xFF" },
    { 0x00922F80, "\x22\x45\x45\x4E\x44\x45\x4E\xFF" },
    { 0x00922F96, "\x2F\x42\x4A\x45\x4B\x54\xFF" },
    { 0x00922FAC, "\x2D\x41\x54\x45\x52\x49\x41\xFF" },
    { 0x00922FDC, "\x22\x45\x53\x49\x54\x5A\xFF" },
    { 0x00922FF0, "\x2F\x42\x4A\x45\x4B\x54\x4C\x41\x44\x45\x4E\xFF" },
    { 0x00923004, "\x2D\x41\x54\x45\x52\x49\x41\x0D\x2C\x41\x44\x45\x4E\xFF" },
    { 0x00923018, "\x27\x45\x4D\x49\x53\x43\x48\x54\x57\x41\x52\x45\x4E\xFF" },
    { 0x0092302C, "\x27\x45\x4D\x7F\x53\x45\x4C\x41\x44\x45\x4E\xFF" },
    { 0x00923040, "\x3A\x55\x42\x45\x48\x7A\x52\x4C\x41\x44\x45\x4E\xFF" },
    { 0x00923054, "\x37\x45\x52\x4B\x5A\x45\x55\x47\x4C\x41\x44\x45\x4E\xFF" },
    { 0x00923068, "\x33\x4F\x55\x56\x45\x4E\x49\x45\x52\x4C\x41\x44\x45\x4E\xFF" },
    { 0x00923080, "\x37\x49\x4C\x4C\x4B\x4F\x4D\x4D\x45\x4E\x01\xFF" },
    { 0x009230AE, "\x37\x41\x53\x00\x4D\x7A\x43\x48\x54\x45\x53\x54\x00\x44\x55\x00\x4B\x41\x55\x46\x45\x4E\x1F\xFF" },
    { 0x009230DC, "\x37\x49\x45\x00\x56\x49\x45\x4C\x45\x00\x57\x49\x4C\x4C\x53\x54\x00\x44\x55\x00\x44\x41\x56\x4F\x4E\x1F\xFF" },
    { 0x0092310A, "\x37\x41\x53\x00\x4D\x7A\x43\x48\x54\x45\x53\x54\x00\x44\x55\x00\x56\x45\x52\x4B\x41\x55\x46\x45\x4E\x1F\xFF" },
    { 0x00923138, "\x37\x49\x45\x00\x56\x49\x45\x4C\x45\x00\x57\x49\x4C\x4C\x53\x54\x00\x44\x55\x00\x56\x45\x52\x4B\x41\x55\x46\x45\x4E\x1F\xFF" },
    { 0x00925760, "\x2C\x41\x44\x45\x4E\xFF" },
    { 0x00925784, "\x37\x6A\x48\x4C\x45\x4E\x00\x33\x49\x45\x00\x45\x49\x4E\x45\x00\x33\x50\x45\x49\x43\x48\x45\x52\x44\x41\x54\x45\x49\x00\x41\x55\x53\x0E\xFF" },
    { 0x009257A8, "\x37\x6A\x48\x4C\x45\x4E\x00\x33\x49\x45\x00\x45\x49\x4E\x45\x4E\x00\x33\x50\x45\x49\x43\x48\x45\x52\x42\x4C\x4F\x43\x4B\x00\x41\x55\x53\x0E\xFF" },
    { 0x00925838, "\x22\x49\x4E\x00\x41\x4D\x00\x2C\x41\x44\x45\x4E\x0E\x00\x22\x49\x54\x54\x45\x00\x57\x41\x52\x54\x45\x4E\xA9\xFF" },
    { 0x0092585C, "\x22\x49\x4E\x00\x41\x4D\x00\x33\x49\x43\x48\x45\x52\x4E\x0E\x00\x22\x49\x54\x54\x45\x00\x57\x41\x52\x54\x45\x4E\xA9\xFF" },
    { 0x00925880, "\x2C\x25\x25\x32\xFF" },
    { 0x009258A4, "\x22\x2C\x2F\x23\x2B\xFF" },
    { 0x009258C8, "\x37\x25\x29\x34\x25\x32\x1F\xFF" },
    { 0x009258D4, "\x26\x26\x17\x00\x52\x45\x4D\x41\x4B\x45\xFF" },
    { 0x00925910, "\x66\x42\x45\x52\x50\x52\x7F\x46\x45\x00\x33\x50\x49\x45\x4C\x53\x54\x41\x4E\x44\x53\x44\x41\x54\x45\x49\xA9\xFF" },
    { 0x00925934, "\x10\x11\xFF" },
    { 0x00925958, "\x10\x12\xFF" },
    { 0x0092597C, "\x10\x13\xFF" },
    { 0x009259A0, "\x10\x14\xFF" },
    { 0x009259C4, "\x10\x15\xFF" },
    { 0x009259E8, "\x10\x16\xFF" },
    { 0x00925A0C, "\x10\x17\xFF" },
    { 0x00925A30, "\x10\x18\xFF" },
    { 0x00925A54, "\x10\x19\xFF" },
    { 0x00925A78, "\x11\x10\xFF" },
    { 0x00925A9C, "\x11\x11\xFF" },
    { 0x00925AC0, "\x11\x12\xFF" },
    { 0x00925AE4, "\x11\x13\xFF" },
    { 0x00925B08, "\x11\x14\xFF" },
    { 0x00925B2C, "\x11\x15\xFF" },
    { 0x00925B50, "\x27\x45\x53\x50\x45\x49\x43\x48\x45\x52\x54\x0E\xFF" },
    { 0x00925BE0, "\x2E\x25\x35\x25\x33\x00\x33\x30\x29\x25\x2C\xFF" },
    { 0x00925C04, "\x37\x49\x52\x4B\x4C\x49\x43\x48\x00\x53\x50\x45\x49\x43\x48\x45\x52\x4E\x1F\xFF" },
    { 0x00925C28, "\x2A\x41\xFF" },
    { 0x00925C4C, "\x2E\x45\x49\x4E\xFF" },
    { 0x00925DE8, "\x2D\x45\x4D\x4F\x52\x59\x00\x23\x41\x52\x44\x00\x57\x49\x52\x44\x00\x47\x45\x50\x52\x7F\x46\x54\x0E\xFF" },
    { 0x00925E18, "\x2B\x45\x49\x4E\x45\x00\x33\x50\x49\x45\x4C\x53\x54\x41\x4E\x44\x53\x44\x41\x54\x45\x49\x0E\xFF" },
    { 0x00926118, "\x33\x50\x49\x45\x4C\x53\x54\x41\x4E\x44\x00\x11\x00\x00\x00\xFF" },
    { 0x00926124, "\x33\x50\x49\x45\x4C\x53\x54\x41\x4E\x44\x00\x12\x00\x00\x00\xFF" },
    { 0x00926130, "\x33\x50\x49\x45\x4C\x53\x54\x41\x4E\x44\x00\x13\x00\x00\x00\xFF" },
    { 0x0092613C, "\x33\x50\x49\x45\x4C\x53\x54\x41\x4E\x44\x00\x14\x00\x00\x00\xFF" },
    { 0x00926148, "\x33\x50\x49\x45\x4C\x53\x54\x41\x4E\x44\x00\x15\x00\x00\x00\xFF" },
    { 0x00926154, "\x33\x50\x49\x45\x4C\x53\x54\x41\x4E\x44\x00\x16\x00\x00\x00\xFF" },
    { 0x00926160, "\x33\x50\x49\x45\x4C\x53\x54\x41\x4E\x44\x00\x17\x00\x00\x00\xFF" },
    { 0x0092616C, "\x33\x50\x49\x45\x4C\x53\x54\x41\x4E\x44\x00\x18\x00\x00\x00\xFF" },
    { 0x00926178, "\x33\x50\x49\x45\x4C\x53\x54\x41\x4E\x44\x00\x19\x00\x00\x00\xFF" },
    { 0x00926184, "\x33\x50\x49\x45\x4C\x53\x54\x41\x4E\x44\x00\x11\x10\xFF" },
    { 0x009261F0, "\x2C\x45\x56\x45\x4C\xFF" },
    { 0x0091A4E8, "\x2B\x45\x49\x4E\x45\x00\x3A\x55\x46\x41\x4C\x4C\x53\x4B\x6A\x4D\x50\x46\x45\xFF" },
    { 0x0091A214, "\x24\x49\x53\x41\x42\x4C\x45\x44\xFF" },
    { 0x0091A244, "\x25\x4E\x41\x42\x4C\x45\x44\xFF" },
    { 0x00922E0A, "\x3A\x55\x42\x0E\xFF" },
    { 0x00922E20, "\x33\x54\x6A\x52\x4B\x45\xFF" },
    { 0x00922E36, "\x27\x45\x53\x48\x49\x43\x4B\xFF" },
    { 0x00922E4C, "\x36\x49\x54\x41\x4C\x49\x54\x6A\x54\xFF" },
    { 0x00922E62, "\x3A\x41\x55\x42\x45\x52\xFF" },
    { 0x00922E78, "\x2D\x4F\x52\x41\x4C\xFF" },
    { 0x00922E8E, "\x27\x4C\x7F\x43\x4B\xFF" },
    { 0x00922EA4, "\x21\x4E\x47\x52\x45\x49\x46\x45\x4E\xFF" },
    { 0x00922EBA, "\x21\x4E\x47\x52\x45\x49\x46\x45\x4E\x00\x05\xFF" },
    { 0x00922ED0, "\x36\x45\x52\x54\x45\x49\x44\x49\x47\x45\x4E\xFF" },
    { 0x00922EE6, "\x36\x45\x52\x54\x45\x49\x44\x49\x47\x45\x4E\x00\x05\xFF" },
    { 0x00922EFC, "\x3A\x42\x52\x41\x4E\x47\x52\x46\xFF" },
    { 0x00922F12, "\x3A\x42\x52\x56\x45\x52\x54\x44\x47\xFF" },
    { 0x00922F28, "\x3A\x42\x52\x56\x45\x52\x54\x44\x47\x00\x05\xFF" },
    { 0x00922F3E, "\x33\x43\x48\x4C\x49\x54\x5A\x1A\xFF" },
    { 0x00922F54, "\x36\x45\x52\x54\x6A\x52\x4B\x55\x4E\x47\x1A\xFF" },
    { 0x00922FC8, "\x2F\x42\x4A\x45\x4B\x54\x4C\x41\x44\x45\x4E\xFF" },
    { 0x00922FDC, "\x37\x41\x46\x46\x45\x4E\x47\x45\x53\x43\x48\x6A\x46\x54\xFF" },
    { 0x00923166, "\x24\x41\x4E\x4B\x45\x01\xFF" },
    { 0x00923194, "\x24\x41\x4E\x4B\x45\x01\xFF" },
    { 0x009231C2, "\x24\x55\x00\x48\x41\x53\x54\x00\x4E\x49\x43\x48\x54\x00\x47\x45\x4E\x49\x4E\x47\x00\x27\x45\x4C\x44\x01\xFF" },
    { 0x00925C98, "\xFF" },
    { 0x00925D28, "\xFF" },
    { 0x00925D58, "\xFF" },
    { 0x00925D88, "\xFF" },
    { 0x00925DB8, "\xFF" },
    { 0x009260E8, "\xFF" },
    { 0x00925B74, "\xFF" },
    { 0x00925B98, "\xFF" },
    { 0x00925BBC, "\xFF" },
    { 0x00922CBC, "\x21\x4C\x4C\x45\x00\x41\x4E\x47\x52\x45\x49\x46\x45\x4E\xFF" },
    { 0x00922CD0, "\x33\x54\x6A\x4E\x44\x49\x47\x45\x52\x00\x21\x4E\x47\x52\x49\x46\x46\xFF" },
    { 0x00922CE4, "\x28\x30\x0F\x2D\x30\x0D\x60\x4E\x44\x45\x52\x55\x4E\x47\xFF" },
    { 0x0091AC30, "\xBB\xC3\xFF" },
    { 0x0091AC38, "\xC0\xC3\xFF" },
};
inline constexpr Text de_format[] = {
    { 0x00956DA0, "\x42\x45\x53\x54\x45\x52" },
    { 0x00956DB0, "\x57\x45\x49\x54\x45\x52" },
    { 0x00956DBC, "\x57\x49\x45\x44\x45\x52\x48\x2E" },
    { 0x00956DC4, "\x42\x45\x45\x4E\x44\x45\x4E" },
    { 0x00956DCC, "\x4F\x50\x54\x49\x4F\x4E" },
    { 0x00956DD4, "\x57\x45\x49\x54\x45\x52" },
    { 0x00956DE0, "\x57\x49\x45\x44\x45\x52\x48\x2E" },
    { 0x00956DE8, "\x42\x45\x45\x4E\x44\x45\x4E" },
    { 0x00956DF0, "\x47\x45\x49\x53\x54" },
    { 0x00956DF8, "\x4F\x42\x45\x52\x46\x4C\x41\x2B\x43\x48\x45" },
    { 0x00956E00, "\x41\x55\x53" },
    { 0x00956E04, "\x42\x4F\x41\x52\x44" },
    { 0x00956E0C, "\x53\x43\x48\x4C\x49\x54\x54\x45\x4E" },
    { 0x00956E1C, "\x53\x43\x48\x4E\x45\x45" },
    { 0x00956E24, "\x47\x45\x50\x52\x55\x2B\x46\x54" },
    { 0x00956E2C, "\x57\x49\x45\x44\x45\x52\x48\x2E" },
    { 0x00956E38, "\x42\x45\x45\x4E\x44\x45\x4E" },
    { 0x00956E48, "\x54\x45\x43\x48\x4E\x49\x4B" },
    { 0x00956E54, "\x5A\x45\x49\x54" },
    { 0x00956E5C, "\x42\x41\x4C\x4C\x4F\x4E" },
    { 0x00956E64, "\x47\x45\x53\x41\x4D\x54" },
    { 0x00956E6C, "\x42\x45\x53\x54\x45\x52" },
    { 0x00956EAC, "\x31\x2E" },
    { 0x00956EB4, "\x32\x2E" },
    { 0x00956EBC, "\x33\x2E" },
    { 0x00956EC4, "\x34\x2E" },
    { 0x00956ECC, "\x35\x2E" },
};
inline constexpr Patch de_patches[] = {
    { 0x007BAAFC, "\x63\x64\x2F\x63\x72\x5F\x67\x6D\x2E\x6C\x67\x70", false },
    { 0x007BAD30, "\x63\x64\x2F\x63\x72\x5F\x67\x6D\x2E\x6C\x67\x70", false },
    { 0x007BAD54, "\x63\x64\x2F\x63\x72\x5F\x67\x6D\x2E\x6C\x67\x70", false },
    { 0x007BA5E4, "\x63\x64\x2F\x64\x69\x73\x63\x5F\x67\x6D\x2E\x6C\x67\x70", false },
    { 0x007BA710, "\x63\x64\x2F\x64\x69\x73\x63\x5F\x67\x6D\x2E\x6C\x67\x70", false },
    { 0x007BAB0C, "\x63\x64\x2F\x64\x69\x73\x63\x5F\x67\x6D\x2E\x6C\x67\x70", false },
    { 0x007BAA48, "\x66\x69\x65\x6C\x64\x2F\x67\x66\x6C\x65\x76\x65\x6C\x2E\x6C\x67\x70", false },
    { 0x007BAB64, "\x66\x69\x65\x6C\x64\x2F\x67\x66\x6C\x65\x76\x65\x6C\x2E\x6C\x67\x70", false },
    { 0x007BAA84, "\x6D\x65\x6E\x75\x2F\x6D\x65\x6E\x75\x5F\x67\x6D\x2E\x6C\x67\x70", false },
    { 0x007BAC4C, "\x6D\x65\x6E\x75\x2F\x6D\x65\x6E\x75\x5F\x67\x6D\x2E\x6C\x67\x70", false },
    { 0x007BAAB4, "\x67\x63\x68\x6F\x63\x6F\x62\x6F\x2E\x6C\x67\x70", true },
    { 0x007BAB8C, "\x67\x63\x68\x6F\x63\x6F\x62\x6F\x2E\x6C\x67\x70", true },
    { 0x007BAAA8, "\x67\x63\x6F\x6E\x64\x6F\x72\x2E\x6C\x67\x70", false },
    { 0x007BABAC, "\x67\x63\x6F\x6E\x64\x6F\x72\x2E\x6C\x67\x70", false },
    { 0x007BAB1C, "\x67\x73\x75\x62\x2E\x6C\x67\x70", true },
    { 0x00980E04, "\x67\x73\x75\x62\x2E\x6C\x67\x70", true },
    { 0x007BAAC0, "\x68\x69\x67\x68\x2D\x67\x65\x2E\x6C\x67\x70", false },
    { 0x009092E8, "\x68\x69\x67\x68\x2D\x67\x65\x2E\x6C\x67\x70", false },
    { 0x007BAAD8, "\x73\x6E\x6F\x77\x62\x6F\x61\x72\x64\x2D\x67\x65\x2E\x6C\x67\x70", false },
    { 0x009264D0, "\x73\x6E\x6F\x77\x62\x6F\x61\x72\x64\x2D\x67\x65\x2E\x6C\x67\x70", false },
    { 0x007BAA98, "\x77\x6D\x2F\x77\x6F\x72\x6C\x64\x5F\x67\x6D\x2E\x6C\x67\x70", false },
    { 0x007BABCC, "\x77\x6D\x2F\x77\x6F\x72\x6C\x64\x5F\x67\x6D\x2E\x6C\x67\x70", false },
    { 0x00980E14, "\x67\x68\x75\x64\x61\x2E\x74\x69\x6D", false },
    { 0x00980E20, "\x67\x68\x75\x64\x62\x2E\x74\x69\x6D", false },
    { 0x00980E2C, "\x67\x68\x75\x64\x63\x2E\x74\x69\x6D", false },
    { 0x00980E38, "\x67\x68\x75\x64\x64\x2E\x74\x69\x6D", false },
    { 0x00980E4C, "\x67\x68\x75\x64\x61\x2E\x74\x69\x6D", false },
    { 0x00980E58, "\x67\x68\x75\x64\x62\x2E\x74\x69\x6D", false },
    { 0x00980E64, "\x67\x68\x75\x64\x63\x2E\x74\x69\x6D", false },
    { 0x00980E70, "\x67\x68\x75\x64\x64\x2E\x74\x69\x6D", false },
    { 0x00980E7A, "\x67\x68\x75\x64\x2E\x74\x69\x6D", false },
    { 0x00980E84, "\x67\x68\x75\x64\x61\x2E\x74\x69\x6D", false },
    { 0x00980E90, "\x67\x68\x75\x64\x62\x2E\x74\x69\x6D", false },
    { 0x00980E9C, "\x67\x68\x75\x64\x63\x2E\x74\x69\x6D", false },
    { 0x00980EA8, "\x67\x68\x75\x64\x64\x2E\x74\x69\x6D", false },
    { 0x00980EB4, "\x67\x74\x65\x78\x74\x2E\x74\x69\x6D", false },
    { 0x00980EC0, "\x67\x74\x65\x78\x74\x61\x2E\x74\x69\x6D", false },
    { 0x00980ECC, "\x67\x74\x65\x78\x74\x62\x2E\x74\x69\x6D", false },
    { 0x00980ED8, "\x67\x74\x65\x78\x74\x63\x2E\x74\x69\x6D", false },
    { 0x00980EE4, "\x67\x74\x65\x78\x74\x64\x2E\x74\x69\x6D", false },
    { 0x00980EF0, "\x67\x74\x65\x78\x74\x2E\x74\x69\x6D", false },
    { 0x00980EFC, "\x67\x74\x65\x78\x74\x61\x2E\x74\x69\x6D", false },
    { 0x00980F08, "\x67\x74\x65\x78\x74\x62\x2E\x74\x69\x6D", false },
    { 0x00980F14, "\x67\x74\x65\x78\x74\x63\x2E\x74\x69\x6D", false },
    { 0x00980F20, "\x67\x74\x65\x78\x74\x64\x2E\x74\x69\x6D", false },
    { 0x00962A58, "\x67\x61\x2E\x74\x69\x6D", false },
    { 0x00962A64, "\x67\x62\x2E\x74\x69\x6D", false },
    { 0x00962A70, "\x67\x63\x2E\x74\x69\x6D", false },
    { 0x00962A7C, "\x67\x67\x2E\x74\x69\x6D", false },
    { 0x00962AA0, "\x67\x65\x69\x74\x61\x5F\x6B\x2E\x74\x69\x6D", false },
    { 0x00956D00, "\x67\x73\x74\x61\x6D\x70\x30\x2E\x74\x69\x6D", false },
    { 0x00956D0C, "\x67\x73\x74\x61\x6D\x70\x31\x2E\x74\x69\x6D", false },
    { 0x00956CE8, "\x67\x74\x69\x6D\x65\x31\x2E\x74\x69\x6D", false },
    { 0x00956CF4, "\x67\x74\x69\x6D\x65\x32\x2E\x74\x69\x6D", false },
};
inline constexpr BytePatch de_byte_patches[] = {
    { 0x009016B4, 0x64 },
    { 0x009016C0, 0x64 },
    { 0x009016CC, 0x64 },
    { 0x009016D8, 0x64 },
    { 0x009016E4, 0x64 },
    { 0x009016F4, 0x64 },
    { 0x00901704, 0x64 },
    { 0x00901714, 0x64 },
    { 0x00901724, 0x64 },
    { 0x00901734, 0x64 },
    { 0x00901744, 0x64 },
    { 0x00901764, 0x64 },
    { 0x00901770, 0x64 },
    { 0x0090177C, 0x64 },
    { 0x00901788, 0x64 },
    { 0x00901794, 0x64 },
    { 0x009017A0, 0x64 },
    { 0x009017B8, 0x64 },
    { 0x009017C4, 0x64 },
    { 0x009017D0, 0x64 },
    { 0x009017E0, 0x64 },
    { 0x009017F0, 0x64 },
    { 0x00901800, 0x64 },
    { 0x00901810, 0x64 },
    { 0x0090181C, 0x64 },
    { 0x0090182C, 0x64 },
    { 0x0090183C, 0x64 },
    { 0x007BA690, 0x67 },
    { 0x007BA6A0, 0x67 },
    { 0x007BA6B0, 0x67 },
    { 0x007BA6C0, 0x67 },
    { 0x007BA6D0, 0x67 },
    { 0x007BA6E0, 0x67 },
    { 0x007BA6F0, 0x67 },
    { 0x007BA700, 0x67 },
    { 0x00956AB9, 0xA4 },
    { 0x00956ABC, 0x40 },
    { 0x00956AC9, 0xA4 },
    { 0x00956ACC, 0x67 },
    { 0x00956AF9, 0xD4 },
    { 0x00956AFC, 0xE2 },
    { 0x00956AFE, 0x12 },
};
inline constexpr char de_credits_title[] = "\x22\x25\x25\x2E\x24\x25\x2E\xFF";
inline constexpr char de_credits_subtitle[] = "\x37\x25\x29\x34\x25\x32\x25\x00\x2D\x29\x34\x37\x29\x32\x2B\x25\x2E\x24\x25\xFF";
inline constexpr char de_name_characters[] = "\x21\x22\x23\x24\x25\x26\x27\x28\x29\x2A\x6A\x2B\x2C\x2D\x2E\x2F\x30\x31\x32\x33\x34\x60\x35\x36\x37\x38\x39\x3A\x0C\x0E\x0B\x0D\x7A\x41\x42\x43\x44\x45\x46\x47\x48\x49\x4A\x65\x4B\x4C\x4D\x4E\x4F\x50\x51\x52\x53\x54\x66\x55\x56\x57\x58\x59\x5A\x1A\x1B\x00\x00\x7F\x10\x11\x12\x13\x14\x15\x16\x17\x18\x19\x87\x00\x00\x00\x32\x41\x47\x49\x4E\x2C\x49\x4F\x4E\xFF\x00\x00\x00\x00\x00\x00\x26\x52\x45\x53\x48\x4D\x41\x4B\x45\xFF\x00\x00\x00\x00\x00\x00\x33\x51\x55\x41\x52\x45\xFF\x00\x00\x00\x00\x00\x00\x00\x00\x00\x13\x24\x46\x58\xFF\x00\x00\x00\x00\x00\x00\x00\x00\x00\x00\x00\x2C\x4F\x43\x41\x4C\xFF\x00\x00\x00\x00\x00\x00\x00\x00\x00\x00\x27\x4F\x4C\x44\xFF\x00\x00\x00\x00\x00\x00\x00\x00\x00\x00\x00";
inline constexpr uint8_t de_hud_2[][36] = {
    { 0x78, 0xFF, 0x70, 0xFF, 0x12, 0x00, 0x13, 0x00, 0x14, 0x00, 0x00, 0x00, 0x05, 0x00, 0x00, 0x00, 0x0A, 0xD7, 0x23, 0x3C, 0x00, 0x00, 0x00, 0x00, 0x00, 0x00, 0x00, 0x00, 0x00, 0x00, 0x00, 0x00, 0x00, 0x00, 0x00, 0x00 },
    { 0x9C, 0xFF, 0x70, 0xFF, 0x11, 0x00, 0x13, 0x00, 0x4D, 0x00, 0x00, 0x00, 0x05, 0x00, 0x00, 0x00, 0x0A, 0xD7, 0x23, 0x3C, 0x00, 0x00, 0x00, 0x00, 0x00, 0x00, 0x00, 0x00, 0x00, 0x00, 0x00, 0x00, 0x00, 0x00, 0x00, 0x00 },
    { 0xBE, 0xFF, 0x70, 0xFF, 0x11, 0x00, 0x13, 0x00, 0x4D, 0x00, 0x00, 0x00, 0x05, 0x00, 0x00, 0x00, 0x0A, 0xD7, 0x23, 0x3C, 0x00, 0x00, 0x00, 0x00, 0x00, 0x00, 0x00, 0x00, 0x00, 0x00, 0x00, 0x00, 0x00, 0x00, 0x00, 0x00 },
    { 0xE0, 0xFF, 0x70, 0xFF, 0x12, 0x00, 0x13, 0x00, 0x14, 0x00, 0x00, 0x00, 0x05, 0x00, 0x00, 0x00, 0x0A, 0xD7, 0x23, 0x3C, 0x00, 0x00, 0x00, 0x00, 0x00, 0x00, 0x00, 0x00, 0x00, 0x00, 0x00, 0x00, 0x00, 0x00, 0x00, 0x00 },
    { 0x06, 0x00, 0x70, 0xFF, 0x12, 0x00, 0x13, 0x00, 0x3A, 0x00, 0x00, 0x00, 0x05, 0x00, 0x00, 0x00, 0x0A, 0xD7, 0x23, 0x3C, 0x00, 0x00, 0x00, 0x00, 0x00, 0x00, 0x00, 0x00, 0x00, 0x00, 0x00, 0x00, 0x00, 0x00, 0x00, 0x00 },
    { 0x2A, 0x00, 0x70, 0xFF, 0x11, 0x00, 0x13, 0x00, 0x4D, 0x00, 0x00, 0x00, 0x05, 0x00, 0x00, 0x00, 0x0A, 0xD7, 0x23, 0x3C, 0x00, 0x00, 0x00, 0x00, 0x00, 0x00, 0x00, 0x00, 0x00, 0x00, 0x00, 0x00, 0x00, 0x00, 0x00, 0x00 },
    { 0x4C, 0x00, 0x70, 0xFF, 0x13, 0x00, 0x14, 0x00, 0x00, 0x00, 0x16, 0x00, 0x05, 0x00, 0x00, 0x00, 0x0A, 0xD7, 0x23, 0x3C, 0x00, 0x00, 0x00, 0x00, 0x00, 0x00, 0x00, 0x00, 0x00, 0x00, 0x00, 0x00, 0x00, 0x00, 0x00, 0x00 },
    { 0x72, 0x00, 0x70, 0xFF, 0x0C, 0x00, 0x14, 0x00, 0xB0, 0x00, 0x30, 0x00, 0x05, 0x00, 0x00, 0x00, 0x0A, 0xD7, 0x23, 0x3C, 0x00, 0x00, 0x00, 0x00, 0x00, 0x00, 0x00, 0x00, 0x00, 0x00, 0x00, 0x00, 0x00, 0x00, 0x00, 0x00 },
    { 0xD6, 0xFF, 0xA8, 0xFF, 0x0E, 0x00, 0x16, 0x00, 0xA7, 0x00, 0x00, 0x00, 0x05, 0x00, 0x00, 0x00, 0x0A, 0xD7, 0x23, 0x3C, 0x00, 0x00, 0x00, 0x00, 0x00, 0x00, 0x00, 0x00, 0x00, 0x00, 0x00, 0x00, 0x00, 0x00, 0x00, 0x00 },
    { 0xF2, 0xFF, 0xA8, 0xFF, 0x0A, 0x00, 0x13, 0x00, 0xA0, 0x00, 0x30, 0x00, 0x05, 0x00, 0x00, 0x00, 0x0A, 0xD7, 0x23, 0x3C, 0x00, 0x00, 0x00, 0x00, 0x00, 0x00, 0x00, 0x00, 0x00, 0x00, 0x00, 0x00, 0x00, 0x00, 0x00, 0x00 },
    { 0x10, 0x00, 0xA8, 0xFF, 0x13, 0x00, 0x14, 0x00, 0x00, 0x00, 0x16, 0x00, 0x05, 0x00, 0x00, 0x00, 0x0A, 0xD7, 0x23, 0x3C, 0x00, 0x00, 0x00, 0x00, 0x00, 0x00, 0x00, 0x00, 0x00, 0x00, 0x00, 0x00, 0x00, 0x00, 0x00, 0x00 },
};
inline constexpr uint8_t de_hud_8[][36] = {
    { 0x90, 0xFF, 0x70, 0xFF, 0x19, 0x00, 0x13, 0x00, 0xDF, 0x00, 0x00, 0x00, 0x05, 0x00, 0x00, 0x00, 0x0A, 0xD7, 0x23, 0x3C, 0x00, 0x00, 0x00, 0x00, 0x00, 0x00, 0x00, 0x00, 0x00, 0x00, 0x00, 0x00, 0x00, 0x00, 0x00, 0x00 },
    { 0xC2, 0xFF, 0x70, 0xFF, 0x0B, 0x00, 0x13, 0x00, 0x9B, 0x00, 0x00, 0x00, 0x05, 0x00, 0x00, 0x00, 0x0A, 0xD7, 0x23, 0x3C, 0x00, 0x00, 0x00, 0x00, 0x00, 0x00, 0x00, 0x00, 0x00, 0x00, 0x00, 0x00, 0x00, 0x00, 0x00, 0x00 },
    { 0xD8, 0xFF, 0x70, 0xFF, 0x0E, 0x00, 0x14, 0x00, 0x63, 0x00, 0x16, 0x00, 0x05, 0x00, 0x00, 0x00, 0x0A, 0xD7, 0x23, 0x3C, 0x00, 0x00, 0x00, 0x00, 0x00, 0x00, 0x00, 0x00, 0x00, 0x00, 0x00, 0x00, 0x00, 0x00, 0x00, 0x00 },
    { 0xF4, 0xFF, 0x70, 0xFF, 0x0E, 0x00, 0x14, 0x00, 0x63, 0x00, 0x16, 0x00, 0x05, 0x00, 0x00, 0x00, 0x0A, 0xD7, 0x23, 0x3C, 0x00, 0x00, 0x00, 0x00, 0x00, 0x00, 0x00, 0x00, 0x00, 0x00, 0x00, 0x00, 0x00, 0x00, 0x00, 0x00 },
    { 0x10, 0x00, 0x70, 0xFF, 0x0B, 0x00, 0x13, 0x00, 0x9B, 0x00, 0x00, 0x00, 0x05, 0x00, 0x00, 0x00, 0x0A, 0xD7, 0x23, 0x3C, 0x00, 0x00, 0x00, 0x00, 0x00, 0x00, 0x00, 0x00, 0x00, 0x00, 0x00, 0x00, 0x00, 0x00, 0x00, 0x00 },
    { 0x26, 0x00, 0x70, 0xFF, 0x14, 0x00, 0x14, 0x00, 0x14, 0x00, 0x16, 0x00, 0x05, 0x00, 0x00, 0x00, 0x0A, 0xD7, 0x23, 0x3C, 0x00, 0x00, 0x00, 0x00, 0x00, 0x00, 0x00, 0x00, 0x00, 0x00, 0x00, 0x00, 0x00, 0x00, 0x00, 0x00 },
    { 0x4E, 0x00, 0x70, 0xFF, 0x13, 0x00, 0x14, 0x00, 0x00, 0x00, 0x16, 0x00, 0x05, 0x00, 0x00, 0x00, 0x0A, 0xD7, 0x23, 0x3C, 0x00, 0x00, 0x00, 0x00, 0x00, 0x00, 0x00, 0x00, 0x00, 0x00, 0x00, 0x00, 0x00, 0x00, 0x00, 0x00 },
    { 0x86, 0xFF, 0x9E, 0xFF, 0x12, 0x00, 0x13, 0x00, 0x14, 0x00, 0x00, 0x00, 0x05, 0x00, 0x00, 0x00, 0x0A, 0xD7, 0x23, 0x3C, 0x00, 0x00, 0x00, 0x00, 0x00, 0x00, 0x00, 0x00, 0x00, 0x00, 0x00, 0x00, 0x00, 0x00, 0x00, 0x00 },
    { 0xAA, 0xFF, 0x9E, 0xFF, 0x11, 0x00, 0x13, 0x00, 0x4D, 0x00, 0x00, 0x00, 0x05, 0x00, 0x00, 0x00, 0x0A, 0xD7, 0x23, 0x3C, 0x00, 0x00, 0x00, 0x00, 0x00, 0x00, 0x00, 0x00, 0x00, 0x00, 0x00, 0x00, 0x00, 0x00, 0x00, 0x00 },
    { 0xCC, 0xFF, 0x9E, 0xFF, 0x11, 0x00, 0x13, 0x00, 0x4D, 0x00, 0x00, 0x00, 0x05, 0x00, 0x00, 0x00, 0x0A, 0xD7, 0x23, 0x3C, 0x00, 0x00, 0x00, 0x00, 0x00, 0x00, 0x00, 0x00, 0x00, 0x00, 0x00, 0x00, 0x00, 0x00, 0x00, 0x00 },
    { 0xEE, 0xFF, 0x9E, 0xFF, 0x13, 0x00, 0x14, 0x00, 0x00, 0x00, 0x16, 0x00, 0x05, 0x00, 0x00, 0x00, 0x0A, 0xD7, 0x23, 0x3C, 0x00, 0x00, 0x00, 0x00, 0x00, 0x00, 0x00, 0x00, 0x00, 0x00, 0x00, 0x00, 0x00, 0x00, 0x00, 0x00 },
    { 0x14, 0x00, 0x9E, 0xFF, 0x12, 0x00, 0x13, 0x00, 0x3A, 0x00, 0x00, 0x00, 0x05, 0x00, 0x00, 0x00, 0x0A, 0xD7, 0x23, 0x3C, 0x00, 0x00, 0x00, 0x00, 0x00, 0x00, 0x00, 0x00, 0x00, 0x00, 0x00, 0x00, 0x00, 0x00, 0x00, 0x00 },
    { 0x38, 0x00, 0x9E, 0xFF, 0x11, 0x00, 0x13, 0x00, 0x4D, 0x00, 0x00, 0x00, 0x05, 0x00, 0x00, 0x00, 0x0A, 0xD7, 0x23, 0x3C, 0x00, 0x00, 0x00, 0x00, 0x00, 0x00, 0x00, 0x00, 0x00, 0x00, 0x00, 0x00, 0x00, 0x00, 0x00, 0x00 },
    { 0x5A, 0x00, 0x9E, 0xFF, 0x11, 0x00, 0x13, 0x00, 0x72, 0x00, 0x16, 0x00, 0x05, 0x00, 0x00, 0x00, 0x0A, 0xD7, 0x23, 0x3C, 0x00, 0x00, 0x00, 0x00, 0x00, 0x00, 0x00, 0x00, 0x00, 0x00, 0x00, 0x00, 0x00, 0x00, 0x00, 0x00 },
};
inline constexpr uint8_t de_hud_16[][36] = {
    { 0x90, 0xFF, 0x6A, 0xFF, 0x19, 0x00, 0x13, 0x00, 0xDF, 0x00, 0x00, 0x00, 0x05, 0x00, 0x00, 0x00, 0x0A, 0xD7, 0x23, 0x3C, 0x00, 0x00, 0x00, 0x00, 0x00, 0x00, 0x00, 0x00, 0x00, 0x00, 0x00, 0x00, 0x00, 0x00, 0x00, 0x00 },
    { 0xC2, 0xFF, 0x6A, 0xFF, 0x0B, 0x00, 0x13, 0x00, 0x9B, 0x00, 0x00, 0x00, 0x05, 0x00, 0x00, 0x00, 0x0A, 0xD7, 0x23, 0x3C, 0x00, 0x00, 0x00, 0x00, 0x00, 0x00, 0x00, 0x00, 0x00, 0x00, 0x00, 0x00, 0x00, 0x00, 0x00, 0x00 },
    { 0xD8, 0xFF, 0x6A, 0xFF, 0x0E, 0x00, 0x14, 0x00, 0x63, 0x00, 0x16, 0x00, 0x05, 0x00, 0x00, 0x00, 0x0A, 0xD7, 0x23, 0x3C, 0x00, 0x00, 0x00, 0x00, 0x00, 0x00, 0x00, 0x00, 0x00, 0x00, 0x00, 0x00, 0x00, 0x00, 0x00, 0x00 },
    { 0xF4, 0xFF, 0x6A, 0xFF, 0x0E, 0x00, 0x14, 0x00, 0x63, 0x00, 0x16, 0x00, 0x05, 0x00, 0x00, 0x00, 0x0A, 0xD7, 0x23, 0x3C, 0x00, 0x00, 0x00, 0x00, 0x00, 0x00, 0x00, 0x00, 0x00, 0x00, 0x00, 0x00, 0x00, 0x00, 0x00, 0x00 },
    { 0x10, 0x00, 0x6A, 0xFF, 0x0B, 0x00, 0x13, 0x00, 0x9B, 0x00, 0x00, 0x00, 0x05, 0x00, 0x00, 0x00, 0x0A, 0xD7, 0x23, 0x3C, 0x00, 0x00, 0x00, 0x00, 0x00, 0x00, 0x00, 0x00, 0x00, 0x00, 0x00, 0x00, 0x00, 0x00, 0x00, 0x00 },
    { 0x26, 0x00, 0x6A, 0xFF, 0x14, 0x00, 0x14, 0x00, 0x14, 0x00, 0x16, 0x00, 0x05, 0x00, 0x00, 0x00, 0x0A, 0xD7, 0x23, 0x3C, 0x00, 0x00, 0x00, 0x00, 0x00, 0x00, 0x00, 0x00, 0x00, 0x00, 0x00, 0x00, 0x00, 0x00, 0x00, 0x00 },
    { 0x4E, 0x00, 0x6A, 0xFF, 0x13, 0x00, 0x14, 0x00, 0x00, 0x00, 0x16, 0x00, 0x05, 0x00, 0x00, 0x00, 0x0A, 0xD7, 0x23, 0x3C, 0x00, 0x00, 0x00, 0x00, 0x00, 0x00, 0x00, 0x00, 0x00, 0x00, 0x00, 0x00, 0x00, 0x00, 0x00, 0x00 },
    { 0xAA, 0xFF, 0x98, 0xFF, 0x13, 0x00, 0x14, 0x00, 0x00, 0x00, 0x16, 0x00, 0x05, 0x00, 0x00, 0x00, 0x0A, 0xD7, 0x23, 0x3C, 0x00, 0x00, 0x00, 0x00, 0x00, 0x00, 0x00, 0x00, 0x00, 0x00, 0x00, 0x00, 0x00, 0x00, 0x00, 0x00 },
    { 0xD0, 0xFF, 0x98, 0xFF, 0x0B, 0x00, 0x13, 0x00, 0x9B, 0x00, 0x00, 0x00, 0x05, 0x00, 0x00, 0x00, 0x0A, 0xD7, 0x23, 0x3C, 0x00, 0x00, 0x00, 0x00, 0x00, 0x00, 0x00, 0x00, 0x00, 0x00, 0x00, 0x00, 0x00, 0x00, 0x00, 0x00 },
    { 0xE6, 0xFF, 0x98, 0xFF, 0x12, 0x00, 0x14, 0x00, 0x27, 0x00, 0x00, 0x00, 0x05, 0x00, 0x00, 0x00, 0x0A, 0xD7, 0x23, 0x3C, 0x00, 0x00, 0x00, 0x00, 0x00, 0x00, 0x00, 0x00, 0x00, 0x00, 0x00, 0x00, 0x00, 0x00, 0x00, 0x00 },
    { 0x0A, 0x00, 0x98, 0xFF, 0x15, 0x00, 0x13, 0x00, 0x85, 0x00, 0x00, 0x00, 0x05, 0x00, 0x00, 0x00, 0x0A, 0xD7, 0x23, 0x3C, 0x00, 0x00, 0x00, 0x00, 0x00, 0x00, 0x00, 0x00, 0x00, 0x00, 0x00, 0x00, 0x00, 0x00, 0x00, 0x00 },
    { 0x34, 0x00, 0x98, 0xFF, 0x11, 0x00, 0x13, 0x00, 0x72, 0x00, 0x16, 0x00, 0x05, 0x00, 0x00, 0x00, 0x0A, 0xD7, 0x23, 0x3C, 0x00, 0x00, 0x00, 0x00, 0x00, 0x00, 0x00, 0x00, 0x00, 0x00, 0x00, 0x00, 0x00, 0x00, 0x00, 0x00 },
    { 0x86, 0xFF, 0xC6, 0xFF, 0x12, 0x00, 0x13, 0x00, 0x14, 0x00, 0x00, 0x00, 0x05, 0x00, 0x00, 0x00, 0x0A, 0xD7, 0x23, 0x3C, 0x00, 0x00, 0x00, 0x00, 0x00, 0x00, 0x00, 0x00, 0x00, 0x00, 0x00, 0x00, 0x00, 0x00, 0x00, 0x00 },
    { 0xAA, 0xFF, 0xC6, 0xFF, 0x11, 0x00, 0x13, 0x00, 0x4D, 0x00, 0x00, 0x00, 0x05, 0x00, 0x00, 0x00, 0x0A, 0xD7, 0x23, 0x3C, 0x00, 0x00, 0x00, 0x00, 0x00, 0x00, 0x00, 0x00, 0x00, 0x00, 0x00, 0x00, 0x00, 0x00, 0x00, 0x00 },
    { 0xCC, 0xFF, 0xC6, 0xFF, 0x11, 0x00, 0x13, 0x00, 0x4D, 0x00, 0x00, 0x00, 0x05, 0x00, 0x00, 0x00, 0x0A, 0xD7, 0x23, 0x3C, 0x00, 0x00, 0x00, 0x00, 0x00, 0x00, 0x00, 0x00, 0x00, 0x00, 0x00, 0x00, 0x00, 0x00, 0x00, 0x00 },
    { 0xEE, 0xFF, 0xC6, 0xFF, 0x13, 0x00, 0x14, 0x00, 0x00, 0x00, 0x16, 0x00, 0x05, 0x00, 0x00, 0x00, 0x0A, 0xD7, 0x23, 0x3C, 0x00, 0x00, 0x00, 0x00, 0x00, 0x00, 0x00, 0x00, 0x00, 0x00, 0x00, 0x00, 0x00, 0x00, 0x00, 0x00 },
    { 0x14, 0x00, 0xC6, 0xFF, 0x12, 0x00, 0x13, 0x00, 0x3A, 0x00, 0x00, 0x00, 0x05, 0x00, 0x00, 0x00, 0x0A, 0xD7, 0x23, 0x3C, 0x00, 0x00, 0x00, 0x00, 0x00, 0x00, 0x00, 0x00, 0x00, 0x00, 0x00, 0x00, 0x00, 0x00, 0x00, 0x00 },
    { 0x38, 0x00, 0xC6, 0xFF, 0x11, 0x00, 0x13, 0x00, 0x4D, 0x00, 0x00, 0x00, 0x05, 0x00, 0x00, 0x00, 0x0A, 0xD7, 0x23, 0x3C, 0x00, 0x00, 0x00, 0x00, 0x00, 0x00, 0x00, 0x00, 0x00, 0x00, 0x00, 0x00, 0x00, 0x00, 0x00, 0x00 },
    { 0x5A, 0x00, 0xC6, 0xFF, 0x11, 0x00, 0x13, 0x00, 0x72, 0x00, 0x16, 0x00, 0x05, 0x00, 0x00, 0x00, 0x0A, 0xD7, 0x23, 0x3C, 0x00, 0x00, 0x00, 0x00, 0x00, 0x00, 0x00, 0x00, 0x00, 0x00, 0x00, 0x00, 0x00, 0x00, 0x00, 0x00 },
};
inline constexpr uint8_t de_hud_32[][36] = {
    { 0xC2, 0xFF, 0x70, 0xFF, 0x12, 0x00, 0x13, 0x00, 0xEE, 0x00, 0x16, 0x00, 0x05, 0x00, 0x00, 0x00, 0x0A, 0xD7, 0x23, 0x3C, 0x00, 0x00, 0x00, 0x00, 0x00, 0x00, 0x00, 0x00, 0x00, 0x00, 0x00, 0x00, 0x00, 0x00, 0x00, 0x00 },
    { 0xE6, 0xFF, 0x70, 0xFF, 0x11, 0x00, 0x13, 0x00, 0x4D, 0x00, 0x00, 0x00, 0x05, 0x00, 0x00, 0x00, 0x0A, 0xD7, 0x23, 0x3C, 0x00, 0x00, 0x00, 0x00, 0x00, 0x00, 0x00, 0x00, 0x00, 0x00, 0x00, 0x00, 0x00, 0x00, 0x00, 0x00 },
    { 0x08, 0x00, 0x70, 0xFF, 0x0B, 0x00, 0x13, 0x00, 0x9B, 0x00, 0x00, 0x00, 0x05, 0x00, 0x00, 0x00, 0x0A, 0xD7, 0x23, 0x3C, 0x00, 0x00, 0x00, 0x00, 0x00, 0x00, 0x00, 0x00, 0x00, 0x00, 0x00, 0x00, 0x00, 0x00, 0x00, 0x00 },
    { 0x1E, 0x00, 0x70, 0xFF, 0x11, 0x00, 0x13, 0x00, 0x72, 0x00, 0x16, 0x00, 0x05, 0x00, 0x00, 0x00, 0x0A, 0xD7, 0x23, 0x3C, 0x00, 0x00, 0x00, 0x00, 0x00, 0x00, 0x00, 0x00, 0x00, 0x00, 0x00, 0x00, 0x00, 0x00, 0x00, 0x00 },
    { 0x4C, 0xFF, 0x9E, 0xFF, 0x13, 0x00, 0x13, 0x00, 0x00, 0x00, 0x00, 0x00, 0x05, 0x00, 0x00, 0x00, 0x0A, 0xD7, 0x23, 0x3C, 0x00, 0x00, 0x00, 0x00, 0x00, 0x00, 0x00, 0x00, 0x00, 0x00, 0x00, 0x00, 0x00, 0x00, 0x00, 0x00 },
    { 0x72, 0xFF, 0x9E, 0xFF, 0x12, 0x00, 0x13, 0x00, 0x14, 0x00, 0x00, 0x00, 0x05, 0x00, 0x00, 0x00, 0x0A, 0xD7, 0x23, 0x3C, 0x00, 0x00, 0x00, 0x00, 0x00, 0x00, 0x00, 0x00, 0x00, 0x00, 0x00, 0x00, 0x00, 0x00, 0x00, 0x00 },
    { 0x96, 0xFF, 0x9E, 0xFF, 0x14, 0x00, 0x14, 0x00, 0x70, 0x00, 0x00, 0x00, 0x05, 0x00, 0x00, 0x00, 0x0A, 0xD7, 0x23, 0x3C, 0x00, 0x00, 0x00, 0x00, 0x00, 0x00, 0x00, 0x00, 0x00, 0x00, 0x00, 0x00, 0x00, 0x00, 0x00, 0x00 },
    { 0xBE, 0xFF, 0x9E, 0xFF, 0x11, 0x00, 0x13, 0x00, 0x4D, 0x00, 0x00, 0x00, 0x05, 0x00, 0x00, 0x00, 0x0A, 0xD7, 0x23, 0x3C, 0x00, 0x00, 0x00, 0x00, 0x00, 0x00, 0x00, 0x00, 0x00, 0x00, 0x00, 0x00, 0x00, 0x00, 0x00, 0x00 },
    { 0xE0, 0xFF, 0x9E, 0xFF, 0x11, 0x00, 0x13, 0x00, 0xCD, 0x00, 0x00, 0x00, 0x05, 0x00, 0x00, 0x00, 0x0A, 0xD7, 0x23, 0x3C, 0x00, 0x00, 0x00, 0x00, 0x00, 0x00, 0x00, 0x00, 0x00, 0x00, 0x00, 0x00, 0x00, 0x00, 0x00, 0x00 },
    { 0x02, 0x00, 0x9E, 0xFF, 0x13, 0x00, 0x13, 0x00, 0x00, 0x00, 0x00, 0x00, 0x05, 0x00, 0x00, 0x00, 0x0A, 0xD7, 0x23, 0x3C, 0x00, 0x00, 0x00, 0x00, 0x00, 0x00, 0x00, 0x00, 0x00, 0x00, 0x00, 0x00, 0x00, 0x00, 0x00, 0x00 },
    { 0x28, 0x00, 0x9E, 0xFF, 0x13, 0x00, 0x14, 0x00, 0x84, 0x00, 0x16, 0x00, 0x05, 0x00, 0x00, 0x00, 0x0A, 0xD7, 0x23, 0x3C, 0x00, 0x00, 0x00, 0x00, 0x00, 0x00, 0x00, 0x00, 0x00, 0x00, 0x00, 0x00, 0x00, 0x00, 0x00, 0x00 },
    { 0x4E, 0x00, 0x9E, 0xFF, 0x10, 0x00, 0x13, 0x00, 0x5F, 0x00, 0x00, 0x00, 0x05, 0x00, 0x00, 0x00, 0x0A, 0xD7, 0x23, 0x3C, 0x00, 0x00, 0x00, 0x00, 0x00, 0x00, 0x00, 0x00, 0x00, 0x00, 0x00, 0x00, 0x00, 0x00, 0x00, 0x00 },
    { 0x6E, 0x00, 0x9E, 0xFF, 0x11, 0x00, 0x13, 0x00, 0x4D, 0x00, 0x00, 0x00, 0x05, 0x00, 0x00, 0x00, 0x0A, 0xD7, 0x23, 0x3C, 0x00, 0x00, 0x00, 0x00, 0x00, 0x00, 0x00, 0x00, 0x00, 0x00, 0x00, 0x00, 0x00, 0x00, 0x00, 0x00 },
    { 0x90, 0x00, 0x9E, 0xFF, 0x13, 0x00, 0x14, 0x00, 0x00, 0x00, 0x16, 0x00, 0x05, 0x00, 0x00, 0x00, 0x0A, 0xD7, 0x23, 0x3C, 0x00, 0x00, 0x00, 0x00, 0x00, 0x00, 0x00, 0x00, 0x00, 0x00, 0x00, 0x00, 0x00, 0x00, 0x00, 0x00 },
};
inline constexpr uint8_t de_hud_64[][36] = {
    { 0x4C, 0xFF, 0x68, 0xFF, 0x12, 0x00, 0x13, 0x00, 0xEE, 0x00, 0x16, 0x00, 0x07, 0x00, 0x00, 0x00, 0x0A, 0xD7, 0x23, 0x3C, 0x00, 0x00, 0x00, 0x00, 0x00, 0x00, 0x00, 0x00, 0x00, 0x00, 0x00, 0x00, 0x00, 0x00, 0x00, 0x00 },
    { 0x70, 0xFF, 0x68, 0xFF, 0x0B, 0x00, 0x13, 0x00, 0x9B, 0x00, 0x00, 0x00, 0x07, 0x00, 0x00, 0x00, 0x0A, 0xD7, 0x23, 0x3C, 0x00, 0x00, 0x00, 0x00, 0x00, 0x00, 0x00, 0x00, 0x00, 0x00, 0x00, 0x00, 0x00, 0x00, 0x00, 0x00 },
    { 0x86, 0xFF, 0x68, 0xFF, 0x11, 0x00, 0x13, 0x00, 0x4D, 0x00, 0x00, 0x00, 0x07, 0x00, 0x00, 0x00, 0x0A, 0xD7, 0x23, 0x3C, 0x00, 0x00, 0x00, 0x00, 0x00, 0x00, 0x00, 0x00, 0x00, 0x00, 0x00, 0x00, 0x00, 0x00, 0x00, 0x00 },
    { 0xA8, 0xFF, 0x68, 0xFF, 0x11, 0x00, 0x13, 0x00, 0xCD, 0x00, 0x00, 0x00, 0x07, 0x00, 0x00, 0x00, 0x0A, 0xD7, 0x23, 0x3C, 0x00, 0x00, 0x00, 0x00, 0x00, 0x00, 0x00, 0x00, 0x00, 0x00, 0x00, 0x00, 0x00, 0x00, 0x00, 0x00 },
    { 0x32, 0x00, 0x68, 0xFF, 0x0D, 0x00, 0x14, 0x00, 0x00, 0x00, 0x30, 0x00, 0x07, 0x00, 0x00, 0x00, 0x0A, 0xD7, 0x23, 0x3C, 0x00, 0x00, 0x00, 0x00, 0x00, 0x00, 0x00, 0x00, 0x00, 0x00, 0x00, 0x00, 0x00, 0x00, 0x00, 0x00 },
    { 0x50, 0x00, 0x68, 0xFF, 0x0D, 0x00, 0x14, 0x00, 0x00, 0x00, 0x30, 0x00, 0x07, 0x00, 0x00, 0x00, 0x0A, 0xD7, 0x23, 0x3C, 0x00, 0x00, 0x00, 0x00, 0x00, 0x00, 0x00, 0x00, 0x00, 0x00, 0x00, 0x00, 0x00, 0x00, 0x00, 0x00 },
    { 0x6C, 0x00, 0x68, 0xFF, 0x0A, 0x00, 0x13, 0x00, 0xA0, 0x00, 0x30, 0x00, 0x07, 0x00, 0x00, 0x00, 0x0A, 0xD7, 0x23, 0x3C, 0x00, 0x00, 0x00, 0x00, 0x00, 0x00, 0x00, 0x00, 0x00, 0x00, 0x00, 0x00, 0x00, 0x00, 0x00, 0x00 },
    { 0x82, 0x00, 0x68, 0xFF, 0x0D, 0x00, 0x14, 0x00, 0x00, 0x00, 0x30, 0x00, 0x07, 0x00, 0x00, 0x00, 0x0A, 0xD7, 0x23, 0x3C, 0x00, 0x00, 0x00, 0x00, 0x00, 0x00, 0x00, 0x00, 0x00, 0x00, 0x00, 0x00, 0x00, 0x00, 0x00, 0x00 },
    { 0xA0, 0x00, 0x68, 0xFF, 0x0D, 0x00, 0x14, 0x00, 0x00, 0x00, 0x30, 0x00, 0x07, 0x00, 0x00, 0x00, 0x0A, 0xD7, 0x23, 0x3C, 0x00, 0x00, 0x00, 0x00, 0x00, 0x00, 0x00, 0x00, 0x00, 0x00, 0x00, 0x00, 0x00, 0x00, 0x00, 0x00 },
};
inline constexpr uint8_t de_hud_128[][36] = {
    { 0x4C, 0xFF, 0xE0, 0xFF, 0x11, 0x00, 0x13, 0x00, 0x28, 0x00, 0x16, 0x00, 0x05, 0x00, 0x00, 0x00, 0x0A, 0xD7, 0x23, 0x3C, 0x00, 0x00, 0x00, 0x00, 0x00, 0x00, 0x00, 0x00, 0x00, 0x00, 0x00, 0x00, 0x00, 0x00, 0x00, 0x00 },
    { 0x6E, 0xFF, 0xE0, 0xFF, 0x13, 0x00, 0x14, 0x00, 0x84, 0x00, 0x16, 0x00, 0x05, 0x00, 0x00, 0x00, 0x0A, 0xD7, 0x23, 0x3C, 0x00, 0x00, 0x00, 0x00, 0x00, 0x00, 0x00, 0x00, 0x00, 0x00, 0x00, 0x00, 0x00, 0x00, 0x00, 0x00 },
    { 0x94, 0xFF, 0xE0, 0xFF, 0x13, 0x00, 0x14, 0x00, 0x00, 0x00, 0x16, 0x00, 0x05, 0x00, 0x00, 0x00, 0x0A, 0xD7, 0x23, 0x3C, 0x00, 0x00, 0x00, 0x00, 0x00, 0x00, 0x00, 0x00, 0x00, 0x00, 0x00, 0x00, 0x00, 0x00, 0x00, 0x00 },
    { 0xBA, 0xFF, 0xE0, 0xFF, 0x15, 0x00, 0x13, 0x00, 0xB6, 0x00, 0x00, 0x00, 0x05, 0x00, 0x00, 0x00, 0x0A, 0xD7, 0x23, 0x3C, 0x00, 0x00, 0x00, 0x00, 0x00, 0x00, 0x00, 0x00, 0x00, 0x00, 0x00, 0x00, 0x00, 0x00, 0x00, 0x00 },
    { 0xE4, 0xFF, 0xE0, 0xFF, 0x11, 0x00, 0x13, 0x00, 0x72, 0x00, 0x16, 0x00, 0x05, 0x00, 0x00, 0x00, 0x0A, 0xD7, 0x23, 0x3C, 0x00, 0x00, 0x00, 0x00, 0x00, 0x00, 0x00, 0x00, 0x00, 0x00, 0x00, 0x00, 0x00, 0x00, 0x00, 0x00 },
    { 0x06, 0x00, 0xE0, 0xFF, 0x11, 0x00, 0x13, 0x00, 0x4D, 0x00, 0x00, 0x00, 0x05, 0x00, 0x00, 0x00, 0x0A, 0xD7, 0x23, 0x3C, 0x00, 0x00, 0x00, 0x00, 0x00, 0x00, 0x00, 0x00, 0x00, 0x00, 0x00, 0x00, 0x00, 0x00, 0x00, 0x00 },
    { 0x38, 0x00, 0xE0, 0xFF, 0x0D, 0x00, 0x14, 0x00, 0x00, 0x00, 0x30, 0x00, 0x05, 0x00, 0x00, 0x00, 0x0A, 0xD7, 0x23, 0x3C, 0x00, 0x00, 0x00, 0x00, 0x00, 0x00, 0x00, 0x00, 0x00, 0x00, 0x00, 0x00, 0x00, 0x00, 0x00, 0x00 },
    { 0x56, 0x00, 0xE0, 0xFF, 0x0D, 0x00, 0x14, 0x00, 0x00, 0x00, 0x30, 0x00, 0x05, 0x00, 0x00, 0x00, 0x0A, 0xD7, 0x23, 0x3C, 0x00, 0x00, 0x00, 0x00, 0x00, 0x00, 0x00, 0x00, 0x00, 0x00, 0x00, 0x00, 0x00, 0x00, 0x00, 0x00 },
    { 0x74, 0x00, 0xE0, 0xFF, 0x0D, 0x00, 0x14, 0x00, 0x00, 0x00, 0x30, 0x00, 0x05, 0x00, 0x00, 0x00, 0x0A, 0xD7, 0x23, 0x3C, 0x00, 0x00, 0x00, 0x00, 0x00, 0x00, 0x00, 0x00, 0x00, 0x00, 0x00, 0x00, 0x00, 0x00, 0x00, 0x00 },
    { 0x92, 0x00, 0xE0, 0xFF, 0x0D, 0x00, 0x14, 0x00, 0x00, 0x00, 0x30, 0x00, 0x05, 0x00, 0x00, 0x00, 0x0A, 0xD7, 0x23, 0x3C, 0x00, 0x00, 0x00, 0x00, 0x00, 0x00, 0x00, 0x00, 0x00, 0x00, 0x00, 0x00, 0x00, 0x00, 0x00, 0x00 },
    { 0xB0, 0x00, 0xE0, 0xFF, 0x0D, 0x00, 0x14, 0x00, 0x00, 0x00, 0x30, 0x00, 0x05, 0x00, 0x00, 0x00, 0x0A, 0xD7, 0x23, 0x3C, 0x00, 0x00, 0x00, 0x00, 0x00, 0x00, 0x00, 0x00, 0x00, 0x00, 0x00, 0x00, 0x00, 0x00, 0x00, 0x00 },
};

inline constexpr Text es_text[] = {
    { 0x00919970, "\xA0\x31\x55\x49\x45\x52\x45\x53\x00\x41\x42\x41\x4E\x44\x4F\x4E\x41\x52\xFF" },
    { 0x0091998E, "\x4C\x41\x00\x50\x41\x52\x54\x49\x44\x41\x00\x45\x4E\x00\x43\x55\x52\x53\x4F\x1F\xFF" },
    { 0x009199AC, "\xFF" },
    { 0x009199D0, "\x33\x72\xFF" },
    { 0x009199D4, "\x2E\x4F\xFF" },
    { 0x00919EA8, "\x23\x4F\x4C\x4F\x52\x00\x44\x45\x00\x56\x45\x4E\x54\x41\x4E\x41\xFF" },
    { 0x00919ED8, "\x33\x4F\x4E\x49\x44\x4F\xFF" },
    { 0x00919F08, "\x2D\x41\x4E\x44\x4F\xFF" },
    { 0x00919F38, "\x23\x55\x52\x53\x4F\x52\xFF" },
    { 0x00919F68, "\x22\x34\x21\xFF" },
    { 0x00919F98, "\x36\x45\x4C\x4F\x43\x00\x44\x45\x00\x42\x41\x54\x41\x4C\x4C\x41\xFF" },
    { 0x00919FC8, "\x2D\x45\x4E\x53\x41\x4A\x00\x44\x45\x00\x42\x41\x54\x41\x4C\x4C\x41\xFF" },
    { 0x00919FF8, "\x2D\x45\x4E\x53\x41\x4A\x00\x44\x45\x00\x43\x41\x4D\x50\x4F\xFF" },
    { 0x0091A028, "\xC7\x4E\x47\x55\x4C\x4F\x00\x44\x45\x00\x43\x67\x4D\x41\x52\x41\xFF" },
    { 0x0091A208, "\x2E\x4F\x52\x4D\x41\x4C\xFF" },
    { 0x0091A238, "\x30\x45\x52\x53\x4F\x4E\x41\x4C\x49\x5A\x41\x52\xFF" },
    { 0x0091A268, "\x29\x4E\x49\x43\x49\x41\x4C\xFF" },
    { 0x0091A298, "\x2D\x45\x4D\x4F\x52\x49\x41\xFF" },
    { 0x0091A2C8, "\x21\x43\x54\x49\x56\x41\x52\xFF" },
    { 0x0091A2F8, "\x32\x45\x43\x4F\x4D\x45\x4E\x44\x41\x44\x4F\xFF" },
    { 0x0091A328, "\x25\x53\x50\x45\x52\x41\x52\xFF" },
    { 0x0091A358, "\x21\x55\x54\x4F\xFF" },
    { 0x0091A388, "\x26\x49\x4A\x41\x52\xFF" },
    { 0x0091A3E8, "\x2C\x45\x4E\x54\x4F\xFF" },
    { 0x0091A418, "\x32\x67\x50\x49\x44\x4F\xFF" },
    { 0x0091A4D8, "\x2F\x52\x44\x45\x4E\x00\x4D\x67\x47\x49\x43\x4F\xFF" },
    { 0x0091A508, "\x52\x45\x53\x54\x41\x42\x4C\xFF" },
    { 0x0091A538, "\x41\x54\x41\x43\x41\x52\xFF" },
    { 0x0091A568, "\x49\x4E\x44\x49\x52\x45\x43\x54\xFF" },
    { 0x0091A5C8, "\x2E\x7C\x4D\x00\x00\x00\x00\x00\x00\x00\x00\x00\x00\x00\x00\x00\x00\x00\x00\x00\x00\x00\x00\x00\x00\x00\x00\x00\x00\x00\x00\x00\x00\x00\x00\x00\x00\x00\x00\x00\x00\x00\x00\x00\x00\x00\x00\x00\x00\x00\x00\x00\x00\x00\x00\x00\x00\x00\x00\x00\x00\x00\x00\x00\x00\x00\x00\x00\x00\x00\x49\x5A\x51\x55\x49\x45\x52\x44\x41\x00\x12\xFF" },
    { 0x0091A888, "\x26\x49\x4A\x45\x00\x45\x4C\x00\x56\x4F\x4C\x55\x4D\x45\x4E\x00\x44\x45\x4C\x00\x53\x4F\x4E\x49\x44\x4F\x00\x59\x00\x44\x45\x00\x4C\x41\x00\x4D\x7C\x53\x49\x43\x41\xFF" },
    { 0x0091A8A1, "\x2E\x4F\x00\x55\x54\x49\x4C\x49\x5A\x41\x44\x4F\xFF" },
    { 0x0091A8C0, "\x25\x4C\x45\x4D\x45\x4E\x54\x4F\xFF" },
    { 0x0091A8D4, "\x2D\x41\x47\x49\x41\xFF" },
    { 0x0091A8E8, "\x2D\x41\x54\x45\x52\x49\x41\xFF" },
    { 0x0091A8FC, "\x25\x51\x55\x49\x50\x4F\xFF" },
    { 0x0091A910, "\x25\x53\x54\x41\x44\x4F\xFF" },
    { 0x0091A924, "\x2F\x52\x44\x45\x4E\xFF" },
    { 0x0091A938, "\x2C\x72\x4D\x49\x54\x45\xFF" },
    { 0x0091A94C, "\x23\x4F\x4E\x46\x49\x47\xFF" },
    { 0x0091A960, "\x30\x28\x33\xFF" },
    { 0x0091A974, "\x27\x55\x41\x52\x44\x41\x52\xFF" },
    { 0x0091A988, "\x33\x41\x4C\x49\x52\xFF" },
    { 0x0091A9D8, "\x34\x4D\x50\xFF" },
    { 0x0091A9EC, "\x27\x49\x4C\xFF" },
    { 0x0091AA00, "\x33\x49\x47\x0E\x00\x2E\x36\xFF" },
    { 0x0091AA14, "\x2E\x36\x00\x2C\x72\x4D\x49\x54\x45\xFF" },
    { 0x0091AA28, "\x34\x55\x54\x4F\x52\x49\x41\x4C\xFF" },
    { 0x0091AA50, "\x2E\x36\x0B\x11\xFF" },
    { 0x0091AA64, "\x26\x55\x52\x49\x41\xFF" },
    { 0x0091AA78, "\x34\x52\x49\x53\x54\x45\x5A\x41\xFF" },
    { 0x0091ACB0, "\x30\x52\x45\x53\x49\x4F\x4E\x45\x00\x3B\x23\x21\x2E\x23\x25\x2C\x21\x32\x3D\x00\x50\x41\x52\x41\x00\x46\x49\x4E\x41\x4C\x49\x5A\x41\x52\x0E\xFF" },
    { 0x0091ACE2, "\x30\x52\x45\x53\x49\x4F\x4E\x45\x00\x3B\x2F\x2B\x3D\x00\x50\x41\x52\x41\x00\x43\x4F\x4E\x46\x49\x47\x55\x52\x41\x52\x00\x55\x4E\x00\x43\x4F\x4E\x54\x52\x4F\x4C\x0E\xFF" },
    { 0x0091AD14, "\x21\x48\x4F\x52\x41\x00\x45\x4D\x50\x55\x4A\x45\x00\x4C\x41\x00\x4E\x55\x45\x56\x41\x00\x54\x45\x43\x4C\x41\xA9\xFF" },
    { 0x0091AD46, "\x3B\x2F\x2B\x3D\xFF" },
    { 0x0091AD78, "\x3B\x23\x21\x2E\x23\x25\x2C\x21\x32\x3D\xFF" },
    { 0x0091ADAA, "\x3B\x2D\x25\x2E\x84\x3D\xFF" },
    { 0x0091ADDC, "\x3B\x23\x21\x2D\x22\x29\x21\x32\x3D\xFF" },
    { 0x0091AE0E, "\x3B\x30\xC7\x27\x29\x2E\x21\x00\x21\x32\x32\x29\x22\x21\x3D\xFF" },
    { 0x0091AE40, "\x3B\x30\xC7\x27\x29\x2E\x21\x00\x21\x22\x21\x2A\x2F\x3D\xFF" },
    { 0x0091AE72, "\x3B\x23\xC7\x2D\x21\x32\x21\x3D\xFF" },
    { 0x0091AEA4, "\x3B\x22\x2C\x21\x2E\x23\x2F\x33\x3D\xFF" },
    { 0x0091AED6, "\x3B\x21\x39\x35\x24\x21\x3D\xFF" },
    { 0x0091AF08, "\x3B\x29\x2E\x29\x23\x29\x2F\x3D\xFF" },
    { 0x0091AF3A, "\x3B\x21\x32\x32\x29\x22\x21\x3D\xFF" },
    { 0x0091AF6C, "\x3B\x21\x22\x21\x2A\x2F\x3D\xFF" },
    { 0x0091AF9E, "\x3B\x29\x3A\x31\x35\x29\x25\x32\x24\x21\x3D\xFF" },
    { 0x0091AFD0, "\x3B\x24\x25\x32\x25\x23\x28\x21\x3D\xFF" },
    { 0x0091B002, "\x34\x25\x23\x2C\x21\x24\x2F\xFF" },
    { 0x0091B034, "\x2A\x2F\x39\x33\x34\x29\x23\x2B\xFF" },
    { 0x0091E7E0, "\x30\x41\x55\x53\x41\xFF" },
    { 0x0091E83C, "\x44\x4F\x52\x4D\x49\x52\xFF" },
    { 0x0091E846, "\x56\x45\x4E\x45\x4E\x4F\xFF" },
    { 0x0091E850, "\x54\x52\x49\x53\x54\x45\x5A\x41\xFF" },
    { 0x0091E85A, "\x46\x55\x52\x49\x41\xFF" },
    { 0x0091E864, "\x43\x4F\x4E\x46\x55\x53\x49\x77\x4E\xFF" },
    { 0x0091E86E, "\x53\x49\x4C\x45\x4E\x43\x49\x4F\xFF" },
    { 0x0091E878, "\x50\x52\x49\x53\x41\xFF" },
    { 0x0091E882, "\x44\x45\x53\x50\x41\x43\x49\x4F\xFF" },
    { 0x0091E88C, "\x50\x41\x52\x41\x52\xFF" },
    { 0x0091E8B4, "\x50\x45\x54\x52\x49\x46\x49\x43\x41\x52\xFF" },
    { 0x0091E8BE, "\x52\x45\x47\x45\x4E\x45\x52\x41\x52\xFF" },
    { 0x0091E8DC, "\x64\xFF" },
    { 0x0091E8F0, "\x64\xFF" },
    { 0x0091E90E, "\x52\x45\x46\x4C\x45\x4A\x41\x52\xFF" },
    { 0x0091E918, "\x44\x4F\x42\x4C\x45\xFF" },
    { 0x0091E922, "\x45\x53\x43\x55\x44\x4F\xFF" },
    { 0x0091E92C, "\x64\xFF" },
    { 0x0091E9A0, "\xA0\x23\x55\x67\x4E\x54\x4F\x00\x56\x41\x53\x00\x41\x00\x41\x55\x4D\x45\x4E\x54\x41\x52\x1F\xFF" },
    { 0x0091E9BC, "\x27\x49\x4C\xFF" },
    { 0x0091E9C0, "\x24\x45\x53\x50\x55\x6E\x53\xFF" },
    { 0x0091E9C8, "\x27\x49\x4C\x00\x41\x4C\x00\x43\x4F\x4E\x54\x41\x44\x4F\xFF" },
    { 0x0091EB88, "\xA0\x33\x49\x47\x4F\x1F\xFF" },
    { 0x0091EB98, "\xA1\x30\x4F\x52\x00\x53\x55\x50\x55\x45\x53\x54\x4F\x01\x00\x00\xA1\x23\x4C\x41\x52\x4F\x00\x51\x55\x45\x00\x4E\x4F\x01\xFF" },
    { 0x0091EBB0, "\x30\x55\x4E\x54\x4F\x53\x00\x44\x45\x00\x42\x41\x54\x41\x4C\x4C\x41\x00\x41\x43\x54\x55\x41\x4C\x45\x53\xFF" },
    { 0x0091EBC6, "\xA1\x29\x4E\x49\x43\x49\x4F\x00\x44\x45\x00\x52\x41\x4E\x55\x52\x41\x01\xFF" },
    { 0x0091EBDC, "\xA1\xA1\x22\x29\x25\x2E\x01\x01\xFF" },
    { 0x0091EC08, "\xA1\x30\x55\x45\x53\x00\x56\x45\x00\x41\x00\x50\x4F\x52\x00\x45\x4C\x4C\x4F\x01\xFF" },
    { 0x0091EC28, "\xB2\x33\x45\x00\x48\x41\x00\x52\x4F\x54\x4F\x00\x4C\x41\x00\x2D\x41\x54\x45\x52\x49\x41\x00\x2D\x41\x47\x49\x41\x0E\xB3\xFF" },
    { 0x0091EC48, "\xB2\x33\x45\x00\x48\x41\x00\x52\x4F\x54\x4F\x00\x4C\x41\x00\x2D\x41\x54\x45\x52\x49\x41\x00\x29\x4E\x56\x4F\x43\x41\x44\x41\x0E\xB3\xFF" },
    { 0x0091EC68, "\xB2\x33\x45\x00\x48\x41\x00\x52\x4F\x54\x4F\x00\x4C\x41\x00\x2D\x41\x54\x45\x52\x49\x41\x00\x21\x50\x4F\x59\x4F\x0E\xB3\xFF" },
    { 0x0091EC88, "\xB2\x33\x45\x00\x48\x41\x00\x52\x4F\x54\x4F\x00\x4C\x41\x00\x2D\x41\x54\x45\x52\x49\x41\x00\x29\x4E\x44\x45\x50\x45\x4E\x44\x49\x45\x4E\x54\x45\x0E\xB3\xFF" },
    { 0x0091ECA8, "\xB2\x33\x45\x00\x48\x41\x00\x52\x4F\x54\x4F\x00\x4C\x41\x00\x2D\x41\x54\x45\x52\x49\x41\x00\x23\x4F\x4D\x41\x4E\x44\x4F\x0E\xB3\xFF" },
    { 0x0091ECC8, "\xB2\x33\x45\x00\x48\x41\x00\x52\x4F\x54\x4F\x00\x4C\x41\x00\x2D\x41\x54\x45\x52\x49\x41\x00\x34\x4F\x44\x4F\x53\x0E\xB3\xFF" },
    { 0x0091ECE8, "\xB2\x33\x45\x00\x48\x41\x00\x52\x4F\x54\x4F\x00\x45\x4C\x00\x41\x43\x43\x45\x53\x4F\x52\x49\x4F\x0E\xB3\xFF" },
    { 0x0091ED08, "\xB2\x33\x45\x00\x48\x41\x00\x53\x45\x4C\x4C\x41\x44\x4F\x00\x45\x4C\x00\x43\x4F\x4D\x41\x4E\x44\x4F\x00\x45\x4C\x45\x4D\x45\x4E\x54\x4F\x0E\xB3\xFF" },
    { 0x0091ED28, "\xB2\x33\x45\x00\x48\x41\x00\x52\x4F\x54\x4F\x00\x4C\x41\x00\x41\x52\x4D\x41\x44\x55\x52\x41\x0E\xB3\xFF" },
    { 0x0091ED48, "\xB2\x33\x45\x00\x48\x41\x00\x52\x4F\x54\x4F\x00\x21\x52\x4D\x41\x0E\xB3\xFF" },
    { 0x0091ED68, "\xB2\x11\x0F\x12\x00\x56\x45\x4C\x4F\x43\x49\x44\x41\x44\x0E\xB3\xFF" },
    { 0x0091ED88, "\xB2\x11\x0F\x12\x00\x45\x58\x41\x43\x54\x49\x54\x55\x44\x0E\xB3\xFF" },
    { 0x0091EDA8, "\xB2\x2D\x72\x4E\x49\x4D\x4F\xB3\xFF" },
    { 0x0091EDC8, "\xB2\x36\x45\x4E\x45\x4E\x4F\xB3\xFF" },
    { 0x0091EDE8, "\xB2\x33\x41\x50\x4F\xB3\xFF" },
    { 0x0091EE08, "\xB2\x24\x41\x76\x4F\x00\x44\x45\x00\x54\x49\x45\x4D\x50\x4F\x00\x58\x13\x10\x0E\xB3\xFF" },
    { 0x0091EE28, "\xB2\x15\x00\x4E\x49\x56\x45\x4C\x45\x53\x00\x50\x4F\x52\x00\x44\x45\x42\x41\x4A\x4F\x0E\xB3\xFF" },
    { 0x0091EE48, "\xB2\x11\x10\x00\x4E\x49\x56\x45\x4C\x45\x53\x00\x50\x4F\x52\x00\x44\x45\x42\x41\x4A\x4F\x0E\xB3\xFF" },
    { 0x0091EE68, "\xB2\x11\x0F\x12\x00\x30\x27\x0E\xB3\xFF" },
    { 0x0091EE88, "\xB2\x11\x0F\x12\x00\x30\x2D\x0E\xB3\xFF" },
    { 0x0091EEA8, "\xB2\x11\x0F\x12\x00\x30\x27\x06\x30\x2D\x0E\xB3\xFF" },
    { 0x0091EEC8, "\xB2\x23\x45\x52\x4F\x00\x30\x2D\x0E\xB3\xFF" },
    { 0x0091EEE8, "\xB2\xA1\x33\x72\x72\x72\x01\x00\xA1\x2E\x4F\x00\x56\x67\x4C\x49\x44\x4F\x53\x01\xB2\x01\xFF" },
    { 0x0091EF08, "\xB2\x30\x27\x00\x52\x45\x53\x54\x41\x55\x52\x41\x44\x4F\x0E\xB3\xFF" },
    { 0x0091EF28, "\xA0\x30\x52\x45\x4F\x43\x55\x50\x41\x44\x4F\x00\x50\x4F\x52\x00\x4C\x4F\x53\x00\x44\x45\x4D\x67\x53\x00\x4D\x49\x45\x4D\x42\x52\x4F\x53\x1F\xFF" },
    { 0x0091EF4A, "\x33\x72\x0C\x00\x55\x4E\x00\x50\x4F\x43\x4F\x00\xFF" },
    { 0x0091EF6C, "\x32\x45\x41\x4C\x4D\x45\x4E\x54\x45\x00\x4E\x4F\x00\xFF" },
    { 0x0091F0E0, "\x27\x55\x41\x52\x44\x41\x52\xFF" },
    { 0x0091F140, "\x32\x45\x46\x4F\x52\x4D\x41\x52\xFF" },
    { 0x0091F166, "\x24\x49\x56\x49\x44\x45\x00\x54\x55\x53\x00\x41\x4C\x49\x41\x44\x4F\x53\x00\x45\x4E\x00\x44\x4F\x53\x00\x47\x52\x55\x50\x4F\x53\x0E\xFF" },
    { 0x0091F18C, "\x24\x49\x56\x49\x44\x45\x00\x54\x55\x53\x00\x41\x4C\x49\x41\x44\x4F\x53\x00\x45\x4E\x00\x44\x4F\x53\x00\x47\x52\x55\x50\x4F\x53\x0E\xFF" },
    { 0x0091F1B2, "\x28\x41\x5A\x00\x55\x4E\x00\x50\x41\x52\x54\x49\x44\x4F\x00\x44\x45\x00\x44\x4F\x53\x0E\xFF" },
    { 0x0091F1D8, "\x28\x41\x5A\x00\x55\x4E\x00\x50\x41\x52\x54\x49\x44\x4F\x00\x44\x45\x00\x54\x52\x45\x53\x0E\xFF" },
    { 0x0091F1FE, "\x33\x45\x4C\x45\x43\x43\x49\x4F\x4E\x41\x00\x43\x4F\x4E\x00\x45\x4C\x00\x42\x4F\x54\x77\x4E\x00\x2D\x45\x4E\x7C\xFF" },
    { 0x0091F422, "\x21\x52\x4D\x0E\xFF" },
    { 0x0091F438, "\x21\x4D\x44\x0E\xFF" },
    { 0x0091F44E, "\x21\x43\x43\x0E\xFF" },
    { 0x0091F464, "\x2E\x49\x56\x45\x4C\x00\x44\x45\x00\x4C\x72\x4D\x49\x54\x45\x1A\xFF" },
    { 0x0091F4D8, "\x2E\x29\x36\x25\x2C\x00\x11\xFF" },
    { 0x0091F4FC, "\x2E\x29\x36\x25\x2C\x00\x12\xFF" },
    { 0x0091F520, "\x2E\x29\x36\x25\x2C\x00\x13\xFF" },
    { 0x0091F544, "\x2E\x29\x36\x25\x2C\x00\x14\xFF" },
    { 0x0091F568, "\x26\x49\x4A\x41\x52\x00\x2E\x29\x36\x25\x2C\x00\x24\x25\x00\x30\x21\x35\x33\x21\x0E\xFF" },
    { 0x0091F58C, "\x26\x49\x4A\x41\x52\xFF" },
    { 0x0091F5B0, "\x23\x4F\x4D\x50\x52\x4F\x42\x41\x52\xFF" },
    { 0x0091F5D4, "\x30\x41\x52\x41\x00\x43\x41\x4D\x42\x49\x41\x52\x00\x2E\x29\x36\x25\x2C\x00\x24\x25\x00\x30\x21\x35\x33\x21\x0C\xFF" },
    { 0x0091F5F8, "\x43\x4F\x4D\x45\x4E\x5A\x41\x52\x67\x00\x44\x45\x53\x44\x45\x00\x45\x4C\x00\x30\x55\x4E\x54\x4F\x00\x4C\x72\x4D\x49\x54\x45\x00\x10\x0E\xFF" },
    { 0x0091F61C, "\xA0\x23\x41\x4D\x42\x49\x41\x52\x00\x2E\x29\x36\x25\x2C\x00\x24\x25\x00\x30\x21\x35\x33\x21\x1F\xFF" },
    { 0x0091F640, "\x33\x72\xFF" },
    { 0x0091F664, "\x2E\x4F\xFF" },
    { 0x0091F688, "\xA1\x2C\x72\x4D\x49\x54\x45\x00\x46\x49\x4A\x41\x44\x4F\x01\xFF" },
    { 0x0091F6AC, "\x33\x45\x4C\x45\x43\x43\x49\x4F\x4E\x41\x52\x00\x2E\x29\x36\x25\x2C\x0E\xFF" },
    { 0x00920540, "\x26\x55\x45\x47\x4F\xFF" },
    { 0x0092054A, "\x28\x49\x45\x4C\x4F\xFF" },
    { 0x00920554, "\x32\x41\x59\x4F\xFF" },
    { 0x0092055E, "\x34\x49\x45\x52\x52\x41\xFF" },
    { 0x00920568, "\x36\x45\x4E\x45\x4E\x4F\xFF" },
    { 0x00920572, "\x27\x52\x41\x56\x45\x44\x0E\xFF" },
    { 0x0092057C, "\x21\x47\x55\x41\xFF" },
    { 0x00920586, "\x36\x49\x45\x4E\x54\x4F\xFF" },
    { 0x00920590, "\x33\x41\x43\x52\x4F\xFF" },
    { 0x009205A0, "\x2D\x55\x45\x52\x54\x45\xFF" },
    { 0x009205B4, "\x2D\x55\x45\x52\x54\x45\x00\x43\x45\x52\x43\x41\xFF" },
    { 0x009205C8, "\x33\x55\x45\xFF" },
    { 0x009205DC, "\x36\x45\x4E\x45\x4E\x4F\xFF" },
    { 0x009205F0, "\x34\x52\x49\x53\x54\x45\x5A\x41\xFF" },
    { 0x00920604, "\x26\x55\x52\x49\x41\xFF" },
    { 0x00920618, "\x23\x4F\x4E\x46\x55\x53\x49\x77\x4E\xFF" },
    { 0x0092062C, "\x33\x49\x4C\x45\x4E\x43\x49\x4F\xFF" },
    { 0x00920640, "\x30\x52\x49\x53\x41\xFF" },
    { 0x00920654, "\x2C\x45\x4E\x54\x4F\xFF" },
    { 0x00920668, "\x21\x4C\x54\x4F\xFF" },
    { 0x0092067C, "\x32\x41\x4E\x41\xFF" },
    { 0x00920690, "\x30\x45\x51\x55\x45\x76\x4F\xFF" },
    { 0x009206A4, "\x21\x44\x4F\x52\x4D\x45\x43\x45\x52\xFF" },
    { 0x009206B8, "\x30\x45\x54\x52\x49\x46\x49\x43\x41\x43\x49\x77\x4E\xFF" },
    { 0x009206CC, "\x32\x45\x47\x45\x4E\x45\x52\x41\x52\xFF" },
    { 0x009206E0, "\x22\x41\x52\x52\x45\x52\x41\xFF" },
    { 0x009206F4, "\x22\x41\x52\x52\x45\x52\x41\x2D\xFF" },
    { 0x00920708, "\x32\x45\x46\x4C\x45\x4A\x4F\xFF" },
    { 0x00920730, "\x32\x45\x46\x4C\x45\x4A\x4F\xFF" },
    { 0x00920744, "\x25\x53\x43\x55\x44\x4F\xFF" },
    { 0x00920758, "\x30\x45\x4E\x41\x00\x43\x41\x50\x49\x54\x41\x4C\xFF" },
    { 0x0092076C, "\x2D\x41\x4E\x49\x50\x55\x4C\x41\x52\xFF" },
    { 0x00920780, "\x2C\x4F\x43\x55\x52\x41\xFF" },
    { 0x00920794, "\x33\x49\x4E\x00\x49\x47\x55\x41\x4C\xFF" },
    { 0x009207A8, "\x30\x41\x52\x41\x4C\x49\x5A\x41\x52\xFF" },
    { 0x009207C0, "\x2F\x53\x43\x55\x52\x49\x44\x41\x44\xFF" },
    { 0x009207CF, "\x25\x4C\x45\x4D\x45\x4E\x54\x4F\xFF" },
    { 0x009207DE, "\x25\x46\x45\x43\x54\x4F\xFF" },
    { 0x009207ED, "\x21\x54\x41\x51\x55\x45\xFF" },
    { 0x009207FC, "\x24\x45\x46\x45\x4E\x53\x41\xFF" },
    { 0x0092080B, "\x23\x4F\x4D\x50\x41\x52\x54\x49\x52\xFF" },
    { 0x0092081A, "\x2E\x4F\x00\x56\x67\x4C\x49\x44\x4F\xFF" },
    { 0x00920856, "\x26\x55\x45\x52\x5A\x41\xFF" },
    { 0x00920865, "\x24\x45\x53\x54\x52\x45\x5A\x41\xFF" },
    { 0x00920874, "\x36\x49\x54\x41\x4C\x49\x44\x41\x44\xFF" },
    { 0x00920883, "\x2D\x41\x47\x49\x41\xFF" },
    { 0x00920892, "\x25\x53\x50\x72\x52\x49\x54\x55\xFF" },
    { 0x009208A1, "\x33\x55\x45\x52\x54\x45\xFF" },
    { 0x009208B0, "\x21\x54\x41\x51\x55\x45\xFF" },
    { 0x009208BF, "\x05\x00\x21\x54\x41\x51\x55\x45\xFF" },
    { 0x009208CE, "\x24\x45\x46\x45\x4E\x53\x41\xFF" },
    { 0x009208DD, "\x05\x00\x24\x45\x46\x45\x4E\x53\x41\xFF" },
    { 0x009208EC, "\x21\x54\x41\x51\x00\x4D\x41\x47\xFF" },
    { 0x009208FB, "\x24\x45\x46\x00\x4D\x41\x47\xFF" },
    { 0x0092090A, "\x05\x00\x24\x45\x46\x00\x4D\x41\x47\xFF" },
    { 0x00920919, "\x21\x52\x4D\x0E\xFF" },
    { 0x00920928, "\x21\x4D\x44\x0E\xFF" },
    { 0x00920937, "\x21\x43\x43\x0E\xFF" },
    { 0x00920946, "\x2E\x49\x56\x45\x4C\x00\x44\x45\x00\x4C\x72\x4D\x49\x54\x45\x1A\xFF" },
    { 0x009209A8, "\x21\x52\x4D\x0E\xFF" },
    { 0x009209B4, "\x21\x4D\x44\x0E\xFF" },
    { 0x009209C0, "\x21\x43\x43\x0E\xFF" },
    { 0x009209CC, "\x21\x43\x43\x0E\xFF" },
    { 0x009209D8, "\x26\x55\x45\x52\x5A\x41\xFF" },
    { 0x009209E4, "\x24\x45\x53\x54\x52\x45\x5A\x41\xFF" },
    { 0x009209F0, "\x36\x49\x54\x41\x4C\x49\x44\x41\x44\xFF" },
    { 0x009209FC, "\x2D\x41\x47\x49\x41\xFF" },
    { 0x00920A08, "\x25\x53\x50\x72\x52\x49\x54\x55\xFF" },
    { 0x00920A14, "\x33\x55\x45\x52\x54\x45\xFF" },
    { 0x00920A20, "\x21\x54\x41\x51\x55\x45\xFF" },
    { 0x00920A2C, "\x05\x00\x21\x54\x41\x51\x55\x45\xFF" },
    { 0x00920A38, "\x24\x45\x46\x45\x4E\x53\x41\xFF" },
    { 0x00920A44, "\x05\x00\x24\x45\x46\x45\x4E\x53\x41\xFF" },
    { 0x00920A50, "\x21\x54\x41\x51\x00\x4D\x41\x47\xFF" },
    { 0x00920A5C, "\x24\x45\x46\x00\x4D\x41\x47\xFF" },
    { 0x00920A68, "\x05\x00\x24\x45\x46\x00\x4D\x41\x47\xFF" },
    { 0x00920A74, "\x32\x41\x4E\x55\x52\x41\x1A\xFF" },
    { 0x00920A80, "\x23\x52\x45\x43\x49\x4D\x49\x45\x4E\x54\x4F\x1A\xFF" },
    { 0x00920A8C, "\x2E\x49\x4E\x47\x4E\x4F\xFF" },
    { 0x00920A98, "\x2E\x4F\x52\x4D\x41\x4C\xFF" },
    { 0x00920AA4, "\x24\x4F\x42\x4C\x45\xFF" },
    { 0x00920AB0, "\x34\x52\x49\x50\x4C\x45\xFF" },
    { 0x00920B18, "\xA0\x32\x45\x41\x4C\x4D\x45\x4E\x54\x45\x00\x44\x45\x53\x45\x41\x53\x00\x45\x4C\x49\x4D\x49\x4E\x41\x52\x4C\x4F\x1F\xFF" },
    { 0x00920B3C, "\xA1\x33\x72\x0C\x00\x51\x55\x49\x45\x52\x4F\x01\xFF" },
    { 0x00920B60, "\x25\x53\x50\x45\x52\x41\x00\x55\x4E\x00\x4D\x4F\x4D\x45\x4E\x54\x4F\xFF" },
    { 0x00920B84, "\x33\x45\x46\x49\x52\x4F\x54\xB2\xA9\xA9\xB3\xFF" },
    { 0x00920BA8, "\x21\x52\x4D\x0E\xFF" },
    { 0x00920BBC, "\x21\x4D\x44\x0E\xFF" },
    { 0x00920BD0, "\x2C\x49\x53\x54\x41\x00\x44\x45\x00\x48\x41\x42\x49\x4C\x49\x44\xFF" },
    { 0x00920BE4, "\x25\x46\x45\x43\x54\x4F\x00\x45\x4C\x00\x45\x51\x55\x49\x50\x4F\xFF" },
    { 0x00920BF8, "\x23\x4F\x4D\x50\x52\x4F\x42\xFF" },
    { 0x00920C0C, "\x2F\x52\x47\x41\x4E\x49\x5A\x41\x52\xFF" },
    { 0x00920C34, "\x21\x30\xFF" },
    { 0x00920C48, "\x21\x4C\x00\x53\x49\x47\x55\x49\x45\x4E\x54\x45\x00\x4E\x49\x56\x45\x4C\xFF" },
    { 0x00920C5C, "\x2D\x21\x25\x33\x34\x32\x2F\xFF" },
    { 0x00920C70, "\x2F\x52\x47\x41\x4E\x49\x5A\x41\x52\xFF" },
    { 0x00920C84, "\x29\x4E\x54\x45\x52\x43\x41\x4D\x42\x49\x41\x52\xFF" },
    { 0x00920C98, "\x25\x4C\x49\x4D\x49\x4E\x41\x52\x00\x54\x4F\x44\x4F\xFF" },
    { 0x00920CAC, "\x22\x41\x53\x55\x52\x41\xFF" },
    { 0x00920CD4, "\x36\x45\x4C\x4F\x43\x49\x44\x41\x44\xFF" },
    { 0x00920CE8, "\x23\x55\x42\x52\x49\x52\xFF" },
    { 0x00920CFC, "\x30\x4F\x44\x45\x52\x00\x4D\x67\x47\x49\x43\x4F\xFF" },
    { 0x00920D10, "\x33\x55\x45\x52\x54\x45\xFF" },
    { 0x00920D24, "\x2D\x21\x25\x33\x34\x32\x2F\xFF" },
    { 0x00920D38, "\x26\x55\x45\x52\x5A\x41\xFF" },
    { 0x00920D4C, "\x36\x49\x54\x41\x4C\x49\x44\x41\x44\xFF" },
    { 0x00920D60, "\x2D\x41\x47\x49\x41\xFF" },
    { 0x00920D74, "\x24\x45\x46\x00\x4D\x41\x47\xFF" },
    { 0x00920D88, "\x24\x45\x53\x54\x52\x45\x5A\x41\xFF" },
    { 0x00920D9C, "\x33\x55\x45\x52\x54\x45\xFF" },
    { 0x00920DB0, "\x2D\x21\x38\x30\x27\xFF" },
    { 0x00920DC4, "\x2D\x21\x38\x30\x2D\xFF" },
    { 0x00920DD8, "\x2D\x21\x38\x30\x27\xFF" },
    { 0x00920DEC, "\x2D\x21\x38\x30\x2D\xFF" },
    { 0x00920E00, "\x25\x38\x30\x0E\x35\x30\xFF" },
    { 0x00920E14, "\x27\x49\x4C\x00\x35\x30\xFF" },
    { 0x00920E28, "\x25\x4E\x43\x55\x45\x4E\x54\x00\x05\x00\x42\x41\x4A\x4F\xFF" },
    { 0x00920E3C, "\x25\x4E\x43\x55\x45\x4E\x54\x00\x05\x00\x41\x4C\x54\x4F\xFF" },
    { 0x00920E50, "\x25\x4E\x43\x55\x45\x4E\x54\x00\x23\x48\x4F\x43\x4F\x42\x4F\xFF" },
    { 0x00920E64, "\x30\x52\x45\x56\x41\x43\x00\x05\x00\x41\x4C\x54\x4F\xFF" },
    { 0x00920E78, "\x21\x54\x41\x51\x55\x45\x00\x44\x45\x00\x4C\x41\x52\x47\x4F\x00\x41\x4C\x43\x41\x4E\x43\x45\xFF" },
    { 0x00920E8C, "\x21\x54\x41\x43\x41\x52\x00\x54\x4F\x44\x4F\x53\xFF" },
    { 0x00920EA0, "\x23\x4F\x4E\x54\x52\x41\x41\x54\x41\x51\x55\x45\xFF" },
    { 0x00920FE8, "\x2D\x67\x47\x49\x43\x4F\xFF" },
    { 0x00920FFC, "\x29\x4E\x56\x4F\x43\x41\x43\x49\x77\x4E\xFF" },
    { 0x00921010, "\x28\x41\x42\x49\x4C\x00\x45\x4E\x45\x4D\xFF" },
    { 0x00921024, "\x28\x41\x42\x49\x4C\x49\x44\x41\x44\x00\x41\x76\x41\x44\x49\x44\x41\xFF" },
    { 0x00921038, "\x34\x4F\x44\x4F\xFF" },
    { 0x0092104C, "\x14\x58\x0D\x2D\xFF" },
    { 0x00921060, "\x21\x42\x53\x4F\x52\x43\x00\x30\x2D\xFF" },
    { 0x00921074, "\x21\x42\x53\x4F\x52\x43\x00\x30\x27\xFF" },
    { 0x00921088, "\xFF" },
    { 0x0092109C, "\x32\x4F\x42\x41\x52\x00\x53\x49\x45\x4D\xFF" },
    { 0x009210B0, "\x23\x4F\x52\x54\x45\x00\x45\x58\x54\x52\x41\xFF" },
    { 0x009210C4, "\x30\x2D\x00\x54\x55\x52\x42\x4F\x00\xFF" },
    { 0x009210D8, "\x2E\x49\x4E\x47\x55\x4E\x41\xFF" },
    { 0x009210EC, "\x33\x49\x4E\x00\x30\x2D\x00\x53\x55\x46\x49\x43\x49\x45\x4E\x54\x45\x53\x0E\xFF" },
    { 0x00921168, "\x35\x53\x41\x52\xFF" },
    { 0x00921174, "\x2F\x52\x47\x41\x4E\x49\x5A\x41\x52\xFF" },
    { 0x00921180, "\x25\x4C\x45\x4D\x45\x4E\x54\x4F\x53\x00\x43\x4C\x41\x56\x45\xFF" },
    { 0x0092118C, "\x34\x7C\x00\x4D\x49\x53\x4D\x4F\xFF" },
    { 0x00921198, "\x23\x41\x4D\x50\x4F\xFF" },
    { 0x009211A4, "\x22\x41\x54\x41\x4C\x4C\x41\xFF" },
    { 0x009211B0, "\x2C\x41\x4E\x5A\x41\x52\xFF" },
    { 0x009211BC, "\x34\x49\x50\x4F\xFF" },
    { 0x009211C8, "\x2E\x4F\x4D\x42\x52\x45\xFF" },
    { 0x009211D4, "\x2D\x67\x53\xFF" },
    { 0x009211E0, "\x2D\x45\x4E\x4F\x53\xFF" },
    { 0x009211F0, "\xFF" },
    { 0x00921212, "\x2E\x4F\x00\x43\x52\x45\x4F\x00\x50\x45\x52\x4F\xA9\xFF" },
    { 0x00921234, "\x2E\x4F\x00\x49\x4D\x50\x4F\x52\x54\x41\x0E\xFF" },
    { 0x00921256, "\xA1\x25\x48\x01\x00\xA1\x23\x48\x55\x50\x41\x44\x4F\x01\xFF" },
    { 0x00921278, "\xA1\x24\x49\x41\x42\x4C\x4F\x53\x01\x00\xA1\x2D\x49\x00\x43\x41\x42\x45\x5A\x41\x01\xFF" },
    { 0x0092129A, "\xA1\x2E\x4F\x00\x54\x45\x4E\x47\x4F\x00\x4E\x41\x44\x41\x00\x51\x55\x45\x00\x56\x45\x52\x01\xFF" },
    { 0x009212BC, "\x28\x4D\x4D\x0C\x00\x41\x53\x72\x00\x51\x55\x45\x00\x45\x53\x00\x45\x53\x4F\x0E\xFF" },
    { 0x009212DE, "\x2E\x4F\x00\x45\x53\x54\x4F\x59\x00\x53\x45\x47\x55\x52\x4F\x00\x50\x45\x52\x4F\xA9\xFF" },
    { 0x00921300, "\x2D\x45\x00\x45\x51\x55\x49\x56\x4F\x51\x55\x6E\x00\x44\x45\x00\x50\x45\x52\x53\x4F\x4E\x41\x0E\xFF" },
    { 0x00921322, "\x24\x45\x42\x45\x53\x00\x45\x53\x54\x41\x52\x00\x42\x49\x45\x4E\x0E\xFF" },
    { 0x00921344, "\x2E\x4F\x00\x45\x53\x54\x67\x53\x00\x4C\x49\x53\x54\x4F\x00\x54\x4F\x44\x41\x56\x72\x41\x0E\xFF" },
    { 0x00921366, "\x2E\x4F\x00\x53\x4F\x59\x00\x59\x4F\x0E\xFF" },
    { 0x00921388, "\xA1\x22\x49\x45\x4E\x0C\x00\x4C\x4F\x00\x54\x45\x4E\x47\x4F\x01\xFF" },
    { 0x009213AA, "\x2E\x4F\x00\x4C\x4F\x00\x43\x4F\x4E\x53\x49\x47\x4F\x0E\xFF" },
    { 0x009213CC, "\x2E\x4F\x00\x54\x45\x4E\x47\x4F\x00\x4E\x41\x44\x41\x00\x51\x55\x45\x00\x56\x45\x52\x0E\xFF" },
    { 0x009213EE, "\xA1\x27\x55\x41\x55\x01\x00\xA1\x21\x53\x72\x0C\x00\x43\x4C\x41\x52\x4F\x01\xFF" },
    { 0x00921410, "\xA1\x2E\x4F\x01\x00\xA1\x2E\x4F\x00\x4C\x4F\x00\x43\x4F\x4E\x53\x49\x47\x4F\x01\xFF" },
    { 0x00921432, "\xA1\x25\x50\x41\x0C\x00\x4E\x4F\x00\x54\x45\x4E\x47\x4F\x00\x49\x44\x45\x41\x01\xFF" },
    { 0x00921454, "\x25\x53\x54\x4F\x59\x00\x53\x49\x45\x4E\x44\x4F\x00\x4D\x45\x4E\x4F\x53\x00\x48\x55\x4D\x41\x4E\x4F\xA9\xFF" },
    { 0x00921476, "\x21\x7C\x4E\x00\x4E\x4F\x00\x45\x53\x54\x4F\x59\x00\x4C\x49\x53\x54\x4F\x0E\xFF" },
    { 0x00921498, "\x2E\x4F\x00\x54\x49\x45\x4E\x45\x00\x4E\x41\x44\x41\x00\x51\x55\x45\x00\x56\x45\x52\x00\x43\x4F\x4E\x4D\x49\x47\x4F\x0E\xFF" },
    { 0x009214BA, "\xA1\x25\x59\x00\x45\x53\x54\x4F\x00\x4D\x45\x00\x47\x55\x53\x54\x41\x01\x00\xA1\x30\x55\x45\x44\x4F\x00\x55\x53\x41\x52\x4C\x4F\x01\xFF" },
    { 0x009214DC, "\x28\x4D\x50\x48\x0E\x00\x21\x7C\x4E\x00\x4E\x4F\x00\x4C\x4F\x00\x43\x4F\x4E\x53\x49\x47\x4F\x00\x50\x45\x52\x4F\xA9\xFF" },
    { 0x009214FE, "\xA1\x21\x00\x4D\x72\x00\x4E\x4F\x01\x00\xA1\x24\x67\x53\x45\x4C\x4F\x00\x41\x00\x4F\x54\x52\x4F\x01\xFF" },
    { 0x00921520, "\x2E\x4F\x00\x54\x49\x45\x4E\x45\x00\x4E\x41\x44\x41\x00\x51\x55\x45\x00\x56\x45\x52\x00\x43\x4F\x4E\x4D\x49\x47\x4F\x0E\xFF" },
    { 0x00921CB8, "\x23\x4C\x4F\x55\x44\xFF" },
    { 0x00921CC4, "\x22\x41\x52\x52\x45\x54\xFF" },
    { 0x00921CD0, "\x34\x49\x46\x41\xFF" },
    { 0x00921CDC, "\x21\x45\x52\x49\x53\xFF" },
    { 0x00921CE8, "\x32\x45\x44\x00\x38\x29\x29\x29\xFF" },
    { 0x00921CF4, "\x39\x55\x46\x46\x49\x45\xFF" },
    { 0x00921D00, "\x23\x41\x49\x54\x00\x33\x49\x54\x48\xFF" },
    { 0x00921D0C, "\x36\x49\x4E\x43\x45\x4E\x54\xFF" },
    { 0x00921D18, "\x23\x49\x44\xFF" },
    { 0x00921D24, "\x23\x48\x4F\x43\x4F\xFF" },
    { 0x00921D48, "\x25\x53\x50\x41\x43\x49\x4F\xFF" },
    { 0x00921D50, "\x25\x4C\x49\x4D\x49\x4E\x41\x52\xFF" },
    { 0x00921D58, "\x33\x45\x4C\x45\x43\x43\x49\x4F\x4E\x41\x52\xFF" },
    { 0x00921D60, "\x30\x52\x45\x44\x45\x54\x45\x52\xFF" },
    { 0x00921D68, "\x23\x41\x4E\x43\x45\x4C\x41\x52\xFF" },
    { 0x00922920, "\xA0\x32\x45\x41\x4C\x4D\x45\x4E\x54\x45\x00\x44\x45\x53\x45\x41\x53\x00\x45\x4C\x49\x4D\x49\x4E\x41\x52\x4C\x4F\x1F\xFF" },
    { 0x00922944, "\xA1\x33\x72\x0C\x00\x51\x55\x49\x45\x52\x4F\x01\xFF" },
    { 0x00922968, "\x25\x53\x50\x45\x52\x41\x00\x55\x4E\x00\x4D\x4F\x4D\x45\x4E\x54\x4F\xFF" },
    { 0x0092298C, "\x33\x45\x46\x49\x52\x4F\x54\xB2\xA9\xA9\xB3\xFF" },
    { 0x009229B0, "\x21\x52\x4D\x0E\xFF" },
    { 0x009229C4, "\x21\x4D\x44\x0E\xFF" },
    { 0x009229D8, "\x2C\x49\x53\x54\x41\x00\x44\x45\x00\x48\x41\x42\x49\x4C\x49\x44\xFF" },
    { 0x009229EC, "\x25\x46\x45\x43\x54\x4F\x00\x44\x45\x4C\x00\x45\x51\x55\x49\x50\x4F\x00\xFF" },
    { 0x009229F0, "\xFF" },
    { 0x00922A00, "\x23\x4F\x4D\x50\x52\x4F\x42\xFF" },
    { 0x00922A14, "\x2F\x52\x47\x41\x4E\x49\x5A\x41\x52\xFF" },
    { 0x00922A3C, "\x21\x30\xFF" },
    { 0x00922A50, "\x21\x4C\x00\x53\x49\x47\x55\x49\x45\x4E\x54\x45\x00\x4E\x49\x56\x45\x4C\xFF" },
    { 0x00922A64, "\x2D\x21\x25\x33\x34\x32\x2F\xFF" },
    { 0x00922A78, "\x2F\x52\x47\x41\x4E\x49\x5A\x41\x52\xFF" },
    { 0x00922A8C, "\x29\x4E\x54\x45\x52\x43\x41\x4D\x42\x49\x41\x52\xFF" },
    { 0x00922AA0, "\x25\x4C\x49\x4D\x49\x4E\x41\x52\x00\x54\x4F\x44\x4F\xFF" },
    { 0x00922AB4, "\x22\x41\x53\x55\x52\x41\xFF" },
    { 0x00922ADC, "\x36\x45\x4C\x4F\x43\x49\x44\x41\x44\xFF" },
    { 0x00922AF0, "\x23\x55\x42\x52\x49\x52\xFF" },
    { 0x00922B04, "\x30\x4F\x44\x45\x52\x00\x4D\x67\x47\x49\x43\x4F\xFF" },
    { 0x00922B18, "\x33\x55\x45\x52\x54\x45\xFF" },
    { 0x00922B2C, "\x2D\x21\x25\x33\x34\x32\x2F\xFF" },
    { 0x00922B40, "\x26\x55\x45\x52\x5A\x41\xFF" },
    { 0x00922B54, "\x36\x49\x54\x41\x4C\x49\x44\x41\x44\xFF" },
    { 0x00922B68, "\x2D\x41\x47\x49\x41\xFF" },
    { 0x00922B7C, "\x24\x45\x46\x00\x4D\x41\x47\xFF" },
    { 0x00922B90, "\x24\x45\x53\x54\x52\x45\x5A\x41\xFF" },
    { 0x00922BA4, "\x33\x55\x45\x52\x54\x45\xFF" },
    { 0x00922BB8, "\x2D\x41\x58\x30\x27\xFF" },
    { 0x00922BCC, "\x2D\x41\x58\x30\x2D\xFF" },
    { 0x00922BE0, "\x2D\x41\x58\x30\x27\xFF" },
    { 0x00922BF4, "\x2D\x41\x58\x2D\x30\x35\x30\xFF" },
    { 0x00922C08, "\x25\x38\x30\x0E\x35\x30\xFF" },
    { 0x00922C1C, "\x27\x49\x4C\x00\x35\x30\xFF" },
    { 0x00922C30, "\x25\x4E\x43\x55\x45\x4E\x54\x00\x05\x00\x42\x41\x4A\x4F\xFF" },
    { 0x00922C44, "\x25\x4E\x43\x55\x45\x4E\x54\x00\x05\x00\x41\x4C\x54\x4F\xFF" },
    { 0x00922C58, "\x25\x4E\x43\x55\x45\x4E\x54\x00\x23\x48\x4F\x43\x4F\x42\x4F\xFF" },
    { 0x00922C6C, "\x30\x52\x45\x56\x41\x43\x00\x05\x00\x41\x4C\x54\x4F\xFF" },
    { 0x00922C80, "\x21\x54\x41\x51\x55\x45\x00\x44\x45\x00\x4C\x41\x52\x47\x4F\x00\x41\x4C\x43\x41\x4E\x43\x45\xFF" },
    { 0x00922C94, "\x21\x54\x41\x43\x41\x52\x00\x54\x4F\x44\x4F\x53\xFF" },
    { 0x00922CA8, "\x23\x4F\x4E\x54\x52\x41\x41\x54\x41\x51\x55\x45\xFF" },
    { 0x00922CF8, "\x21\xFF" },
    { 0x00922CFA, "\x24\xFF" },
    { 0x00922D00, "\x23\x4F\x4D\x50\x52\x41\x52\x00\x00\x36\x45\x4E\x44\x45\x52\x00\x00\x00\x33\x41\x4C\x49\x52\xFF" },
    { 0x00922D14, "\x27\x49\x4C\xFF" },
    { 0x00922D28, "\x45\x4E\x00\x50\x52\x4F\x50\x49\x45\x44\x41\x44\xFF" },
    { 0x00922D3C, "\x25\x51\x55\x49\x50\x41\x44\x4F\xFF" },
    { 0x00922D50, "\x34\x4F\x54\x41\x4C\xFF" },
    { 0x00922D64, "\x23\x55\x67\x4E\x54\x4F\x53\xFF" },
    { 0x00922D78, "\x25\x4C\x45\x4D\x45\x4E\x54\x4F\x00\x00\x00\x00\x2D\x41\x54\x45\x52\x49\x41\xFF" },
    { 0x00922D8C, "\x27\x49\x4C\x00\x52\x45\x53\x54\x41\x4E\x54\x45\x53\xFF" },
    { 0x00922DA0, "\x30\x52\x45\x43\x49\x4F\x00\x45\x4C\x00\x4D\x41\x45\x53\x54\x52\x4F\xFF" },
    { 0x00922DB4, "\x30\x52\x45\x43\x49\x4F\x00\x41\x00\x54\x52\x41\x56\x6E\x53\x00\x44\x45\x00\x21\x30\xFF" },
    { 0x00922DC8, "\x21\x52\x4D\x0E\xFF" },
    { 0x00922DDE, "\x21\x4D\x44\x0E\xFF" },
    { 0x00922DF4, "\x21\x43\x43\x0E\xFF" },
    { 0x00922F6A, "\x2E\x49\x4E\x47\x4E\x4F\xFF" },
    { 0x00922F80, "\x2E\x4F\x52\x4D\x41\x4C\xFF" },
    { 0x00922F96, "\x24\x4F\x42\x4C\x45\xFF" },
    { 0x00922FAC, "\x34\x52\x49\x50\x4C\x45\xFF" },
    { 0x00922FDC, "\x21\x4C\x4D\x00\x44\x45\x00\x41\x52\x4D\x41\x53\xFF" },
    { 0x00922FF0, "\x21\x4C\x4D\x00\x44\x45\x00\x45\x4C\x45\x4D\xFF" },
    { 0x00923004, "\x21\x4C\x4D\x00\x44\x45\x00\x4D\x41\x54\x45\x52\x49\x41\xFF" },
    { 0x00923018, "\x21\x4C\x4D\x41\x43\x6E\x4E\x00\x47\x45\x4E\x45\x52\x41\x4C\xFF" },
    { 0x0092302C, "\x21\x4C\x4D\x00\x44\x45\x00\x56\x45\x52\x44\x55\x52\xFF" },
    { 0x00923040, "\x21\x4C\x4D\x00\x44\x45\x00\x41\x43\x43\x45\x53\xFF" },
    { 0x00923054, "\x21\x4C\x4D\x00\x44\x45\x00\x48\x45\x52\x52\x41\x4D\xFF" },
    { 0x00923068, "\x34\x49\x45\x4E\x44\x41\x00\x44\x45\x00\x48\x4F\x54\x45\x4C\xFF" },
    { 0x00923080, "\xA1\x22\x49\x45\x4E\x56\x45\x4E\x49\x44\x4F\x01\xFF" },
    { 0x009230AE, "\xA0\x31\x55\x6E\x00\x44\x45\x53\x45\x41\x53\x00\x43\x4F\x4D\x50\x52\x41\x52\x1F\xFF" },
    { 0x009230DC, "\xA0\x23\x55\x67\x4E\x54\x4F\x53\x00\x51\x55\x49\x45\x52\x45\x1F\x53\xFF" },
    { 0x0092310A, "\xA0\x31\x55\x6E\x00\x51\x55\x49\x45\x52\x45\x53\x00\x56\x45\x4E\x44\x45\x52\x1F\xFF" },
    { 0x00923138, "\xA0\x23\x55\x67\x4E\x54\x4F\x53\x00\x51\x55\x49\x45\x52\x45\x00\x56\x45\x4E\x44\x45\x52\x1F\xFF" },
    { 0x00925760, "\x23\x41\x52\x47\x41\x52\xFF" },
    { 0x00925784, "\x33\x45\x4C\x45\x43\x43\x49\x4F\x4E\x45\x00\x55\x4E\x00\x41\x52\x43\x48\x49\x56\x4F\x00\x44\x45\x00\x4A\x55\x45\x47\x4F\x00\x47\x55\x41\x52\x44\x41\x44\x4F\x0E\xFF" },
    { 0x009257A8, "\x33\x45\x4C\x45\x43\x43\x49\x4F\x4E\x45\x00\x55\x4E\x00\x4A\x55\x45\x47\x4F\x00\x47\x55\x41\x52\x44\x41\x44\x4F\x0E\xFF" },
    { 0x00925838, "\x23\x41\x52\x47\x41\x4E\x44\x4F\x0E\x00\x30\x4F\x52\x00\x46\x41\x56\x4F\x52\x00\x45\x53\x50\x45\x52\x45\x0E\xFF" },
    { 0x0092585C, "\x27\x55\x41\x52\x44\x41\x4E\x44\x4F\x0E\x00\x30\x4F\x52\x00\x46\x41\x56\x4F\x52\x00\x45\x53\x50\x45\x52\x45\x0E\xFF" },
    { 0x00925880, "\x36\x21\x23\xCA\x2F\xFF" },
    { 0x009258A4, "\x2A\x35\x25\x27\x2F\xFF" },
    { 0x009258C8, "\xA0\x23\x2F\x2E\x34\x29\x2E\x35\x21\x32\x1F\xFF" },
    { 0x009258D4, "\x26\x26\x17\x00\x32\x45\x4D\x41\x4B\x45\xFF" },
    { 0x00925910, "\x23\x4F\x4D\x50\x52\x4F\x42\x41\x4E\x44\x4F\x00\x4C\x41\x00\x50\x41\x52\x54\x49\x44\x41\x00\x47\x55\x41\x52\x44\x41\x44\x41\x0E\xFF" },
    { 0x00925934, "\x10\x11\xFF" },
    { 0x00925958, "\x10\x12\xFF" },
    { 0x0092597C, "\x10\x13\xFF" },
    { 0x009259A0, "\x10\x14\xFF" },
    { 0x009259C4, "\x10\x15\xFF" },
    { 0x009259E8, "\x10\x16\xFF" },
    { 0x00925A0C, "\x10\x17\xFF" },
    { 0x00925A30, "\x10\x18\xFF" },
    { 0x00925A54, "\x10\x19\xFF" },
    { 0x00925A78, "\x11\x10\xFF" },
    { 0x00925A9C, "\x11\x11\xFF" },
    { 0x00925AC0, "\x11\x12\xFF" },
    { 0x00925AE4, "\x11\x13\xFF" },
    { 0x00925B08, "\x11\x14\xFF" },
    { 0x00925B2C, "\x11\x15\xFF" },
    { 0x00925B50, "\x24\x41\x54\x4F\x53\x00\x47\x55\x41\x52\x44\x41\x44\x4F\x53\x0E\xFF" },
    { 0x00925BE0, "\x2E\x35\x25\x36\x2F\x00\x2A\x35\x25\x27\x2F\xFF" },
    { 0x00925C04, "\xA0\x33\x45\x47\x55\x52\x4F\x00\x51\x55\x45\x00\x44\x45\x53\x45\x41\x53\x00\x47\x55\x41\x52\x44\x41\x52\x1F\xFF" },
    { 0x00925C28, "\x33\x72\xFF" },
    { 0x00925C4C, "\x2E\x4F\xFF" },
    { 0x00925DE8, "\x23\x4F\x4D\x50\x52\x4F\x42\x41\x4E\x44\x4F\x00\x4C\x41\x00\x50\x41\x52\x54\x49\x44\x41\x00\x47\x55\x41\x52\x44\x41\x44\x41\x0E\xFF" },
    { 0x00925E18, "\x2E\x4F\x00\x48\x41\x59\x00\x50\x41\x52\x54\x49\x44\x41\x53\x00\x47\x52\x41\x42\x41\x44\x41\x53\x0E\xFF" },
    { 0x00926118, "\x2A\x55\x45\x47\x4F\x00\x00\x11\xFF" },
    { 0x00926124, "\x2A\x55\x45\x47\x4F\x00\x00\x12\xFF" },
    { 0x00926130, "\x2A\x55\x45\x47\x4F\x00\x00\x13\xFF" },
    { 0x0092613C, "\x2A\x55\x45\x47\x4F\x00\x00\x14\xFF" },
    { 0x00926148, "\x2A\x55\x45\x47\x4F\x00\x00\x15\xFF" },
    { 0x00926154, "\x2A\x55\x45\x47\x4F\x00\x00\x16\xFF" },
    { 0x00926160, "\x2A\x55\x45\x47\x4F\x00\x00\x17\xFF" },
    { 0x0092616C, "\x2A\x55\x45\x47\x4F\x00\x00\x18\xFF" },
    { 0x00926178, "\x2A\x55\x45\x47\x4F\x00\x00\x19\xFF" },
    { 0x00926184, "\x2A\x55\x45\x47\x4F\x00\x11\x10\xFF" },
    { 0x009261F0, "\x2E\x49\x56\x45\x4C\xFF" },
    { 0x0091A4E8, "\x22\x41\x54\x41\x4C\x4C\x41\x53\x00\x41\x4C\x45\x41\x54\x4F\x52\x49\x41\x53\x00\x53\x72\x0F\x4E\x4F\xFF" },
    { 0x0091A214, "\x24\x49\x53\x41\x42\x4C\x45\x44\xFF" },
    { 0x0091A244, "\x25\x4E\x41\x42\x4C\x45\x44\xFF" },
    { 0x00922E0A, "\x21\x43\x43\x0E\xFF" },
    { 0x00922E20, "\x26\x55\x45\x52\x5A\x41\xFF" },
    { 0x00922E36, "\x24\x45\x53\x54\x52\x45\x5A\x41\xFF" },
    { 0x00922E4C, "\x36\x49\x54\x41\x4C\x49\x44\x41\x44\xFF" },
    { 0x00922E62, "\x2D\x41\x47\x49\x41\xFF" },
    { 0x00922E78, "\x25\x53\x50\x72\x52\x49\x54\x55\xFF" },
    { 0x00922E8E, "\x33\x55\x45\x52\x54\x45\xFF" },
    { 0x00922EA4, "\x21\x54\x41\x51\x55\x45\xFF" },
    { 0x00922EBA, "\x05\x00\x21\x54\x41\x51\x55\x45\xFF" },
    { 0x00922ED0, "\x24\x45\x46\x45\x4E\x53\x41\xFF" },
    { 0x00922EE6, "\x05\x00\x24\x45\x46\x45\x4E\x53\x41\xFF" },
    { 0x00922EFC, "\x21\x54\x41\x51\x00\x4D\x41\x47\xFF" },
    { 0x00922F12, "\x24\x45\x46\x00\x4D\x41\x47\xFF" },
    { 0x00922F28, "\x05\x00\x24\x45\x46\x00\x4D\x41\x47\xFF" },
    { 0x00922F3E, "\x32\x41\x4E\x55\x52\x41\x1A\xFF" },
    { 0x00922F54, "\x23\x52\x45\x43\x49\x4D\x49\x45\x4E\x54\x4F\xFF" },
    { 0x00922FCD, "\x21\x4C\x4D\x00\x44\x45\x00\x45\x4C\x45\x4D\xFF" },
    { 0x00922FDC, "\x21\x4C\x4D\x00\x44\x45\x00\x41\x52\x4D\x41\x53\xFF" },
    { 0x00923166, "\xA1\x27\x52\x41\x43\x49\x41\x53\x01\xFF" },
    { 0x00923194, "\xA1\x27\x52\x41\x43\x49\x41\x53\x01\xFF" },
    { 0x009231C2, "\xA1\x2E\x4F\x00\x54\x49\x45\x4E\x45\x00\x42\x41\x53\x54\x41\x4E\x54\x45\x00\x44\x49\x4E\x45\x52\x4F\x01\xFF" },
    { 0x00925C98, "\xFF" },
    { 0x00925D28, "\xFF" },
    { 0x00925D58, "\xFF" },
    { 0x00925D88, "\xFF" },
    { 0x00925DB8, "\xFF" },
    { 0x009260E8, "\xFF" },
    { 0x00925B74, "\xFF" },
    { 0x00925B98, "\xFF" },
    { 0x00925BBC, "\xFF" },
    { 0x00922CBC, "\xFF" },
    { 0x00922CD0, "\xFF" },
    { 0x00922CE4, "\xFF" },
    { 0x0091AC30, "\xC3\xBA\xFF" },
    { 0x0091AC38, "\xC3\xC0\xFF" },
};
inline constexpr Text es_format[] = {
    { 0x00956DA0, "\x4D\x41\x28\x58\x49\x4D\x41" },
    { 0x00956DB0, "\x43\x4F\x4E\x54\x49\x4E\x55\x41\x52" },
    { 0x00956DBC, "\x52\x45\x49\x4E\x54\x45\x4E\x54\x41\x52" },
    { 0x00956DC4, "\x53\x41\x4C\x49\x52" },
    { 0x00956DCC, "\x4F\x50\x43\x49\x4F\x28\x4E" },
    { 0x00956DD4, "\x43\x4F\x4E\x54\x49\x4E\x55\x41\x52" },
    { 0x00956DE0, "\x52\x45\x49\x4E\x54\x45\x4E\x54\x41\x52" },
    { 0x00956DE8, "\x53\x41\x4C\x49\x52" },
    { 0x00956DF0, "\x46\x41\x4E\x54\x41\x53\x4D\x41" },
    { 0x00956DF8, "\x53\x55\x50\x45\x52\x46\x49\x43\x49\x45" },
    { 0x00956E00, "\x46\x55\x45\x52\x41" },
    { 0x00956E04, "\x44\x45\x4C" },
    { 0x00956E0C, "\x54\x52\x49\x4E\x45\x4F" },
    { 0x00956E1C, "\x4E\x49\x45\x56\x45" },
    { 0x00956E24, "\x56\x45\x52\x49\x46\x49\x43\x41\x44\x41" },
    { 0x00956E2C, "\x52\x45\x49\x4E\x54\x45\x4E\x54\x41\x52" },
    { 0x00956E38, "\x53\x41\x4C\x49\x52" },
    { 0x00956E48, "\x54\x45\x28\x43\x4E\x49\x43\x41" },
    { 0x00956E54, "\x54\x49\x45\x4D\x50\x4F" },
    { 0x00956E5C, "\x47\x4C\x4F\x42\x4F" },
    { 0x00956E64, "\x54\x4F\x54\x41\x4C" },
    { 0x00956E6C, "\x4D\x41\x28\x58\x49\x4D\x41" },
    { 0x00956EAC, "\x31\x52\x4F\x2E" },
    { 0x00956EB4, "\x32\x44\x4F\x2E" },
    { 0x00956EBC, "\x33\x52\x4F\x2E" },
    { 0x00956EC4, "\x34\x54\x4F\x2E" },
    { 0x00956ECC, "\x35\x54\x4F\x2E" },
};
inline constexpr Patch es_patches[] = {
    { 0x007BAAFC, "\x63\x64\x2F\x63\x72\x5F\x73\x70\x2E\x6C\x67\x70", false },
    { 0x007BAD30, "\x63\x64\x2F\x63\x72\x5F\x73\x70\x2E\x6C\x67\x70", false },
    { 0x007BAD54, "\x63\x64\x2F\x63\x72\x5F\x73\x70\x2E\x6C\x67\x70", false },
    { 0x007BA5E4, "\x63\x64\x2F\x64\x69\x73\x63\x5F\x73\x70\x2E\x6C\x67\x70", false },
    { 0x007BA710, "\x63\x64\x2F\x64\x69\x73\x63\x5F\x73\x70\x2E\x6C\x67\x70", false },
    { 0x007BAB0C, "\x63\x64\x2F\x64\x69\x73\x63\x5F\x73\x70\x2E\x6C\x67\x70", false },
    { 0x007BAA48, "\x66\x69\x65\x6C\x64\x2F\x73\x66\x6C\x65\x76\x65\x6C\x2E\x6C\x67\x70", false },
    { 0x007BAB64, "\x66\x69\x65\x6C\x64\x2F\x73\x66\x6C\x65\x76\x65\x6C\x2E\x6C\x67\x70", false },
    { 0x007BAA84, "\x6D\x65\x6E\x75\x2F\x6D\x65\x6E\x75\x5F\x73\x70\x2E\x6C\x67\x70", false },
    { 0x007BAC4C, "\x6D\x65\x6E\x75\x2F\x6D\x65\x6E\x75\x5F\x73\x70\x2E\x6C\x67\x70", false },
    { 0x007BAAB4, "\x73\x63\x68\x6F\x63\x6F\x62\x6F\x2E\x6C\x67\x70", true },
    { 0x007BAB8C, "\x73\x63\x68\x6F\x63\x6F\x62\x6F\x2E\x6C\x67\x70", true },
    { 0x007BAAA8, "\x73\x63\x6F\x6E\x64\x6F\x72\x2E\x6C\x67\x70", false },
    { 0x007BABAC, "\x73\x63\x6F\x6E\x64\x6F\x72\x2E\x6C\x67\x70", false },
    { 0x007BAB1C, "\x73\x73\x75\x62\x2E\x6C\x67\x70", true },
    { 0x00980E04, "\x73\x73\x75\x62\x2E\x6C\x67\x70", true },
    { 0x007BAAC0, "\x68\x69\x67\x68\x2D\x73\x70\x2E\x6C\x67\x70", false },
    { 0x009092E8, "\x68\x69\x67\x68\x2D\x73\x70\x2E\x6C\x67\x70", false },
    { 0x007BAAD8, "\x73\x6E\x6F\x77\x62\x6F\x61\x72\x64\x2D\x73\x70\x2E\x6C\x67\x70", false },
    { 0x009264D0, "\x73\x6E\x6F\x77\x62\x6F\x61\x72\x64\x2D\x73\x70\x2E\x6C\x67\x70", false },
    { 0x007BAA98, "\x77\x6D\x2F\x77\x6F\x72\x6C\x64\x5F\x73\x70\x2E\x6C\x67\x70", false },
    { 0x007BABCC, "\x77\x6D\x2F\x77\x6F\x72\x6C\x64\x5F\x73\x70\x2E\x6C\x67\x70", false },
    { 0x00980E14, "\x73\x68\x75\x64\x61\x2E\x74\x69\x6D", false },
    { 0x00980E20, "\x73\x68\x75\x64\x62\x2E\x74\x69\x6D", false },
    { 0x00980E2C, "\x73\x68\x75\x64\x63\x2E\x74\x69\x6D", false },
    { 0x00980E38, "\x73\x68\x75\x64\x64\x2E\x74\x69\x6D", false },
    { 0x00980E4C, "\x73\x68\x75\x64\x61\x2E\x74\x69\x6D", false },
    { 0x00980E58, "\x73\x68\x75\x64\x62\x2E\x74\x69\x6D", false },
    { 0x00980E64, "\x73\x68\x75\x64\x63\x2E\x74\x69\x6D", false },
    { 0x00980E70, "\x73\x68\x75\x64\x64\x2E\x74\x69\x6D", false },
    { 0x00980E7A, "\x73\x68\x75\x64\x2E\x74\x69\x6D", false },
    { 0x00980E84, "\x73\x68\x75\x64\x61\x2E\x74\x69\x6D", false },
    { 0x00980E90, "\x73\x68\x75\x64\x62\x2E\x74\x69\x6D", false },
    { 0x00980E9C, "\x73\x68\x75\x64\x63\x2E\x74\x69\x6D", false },
    { 0x00980EA8, "\x73\x68\x75\x64\x64\x2E\x74\x69\x6D", false },
    { 0x00980EB4, "\x73\x74\x65\x78\x74\x2E\x74\x69\x6D", false },
    { 0x00980EC0, "\x73\x74\x65\x78\x74\x61\x2E\x74\x69\x6D", false },
    { 0x00980ECC, "\x73\x74\x65\x78\x74\x62\x2E\x74\x69\x6D", false },
    { 0x00980ED8, "\x73\x74\x65\x78\x74\x63\x2E\x74\x69\x6D", false },
    { 0x00980EE4, "\x73\x74\x65\x78\x74\x64\x2E\x74\x69\x6D", false },
    { 0x00980EF0, "\x73\x74\x65\x78\x74\x2E\x74\x69\x6D", false },
    { 0x00980EFC, "\x73\x74\x65\x78\x74\x61\x2E\x74\x69\x6D", false },
    { 0x00980F08, "\x73\x74\x65\x78\x74\x62\x2E\x74\x69\x6D", false },
    { 0x00980F14, "\x73\x74\x65\x78\x74\x63\x2E\x74\x69\x6D", false },
    { 0x00980F20, "\x73\x74\x65\x78\x74\x64\x2E\x74\x69\x6D", false },
    { 0x00962A58, "\x73\x61\x2E\x74\x69\x6D", false },
    { 0x00962A64, "\x73\x62\x2E\x74\x69\x6D", false },
    { 0x00962A70, "\x73\x63\x2E\x74\x69\x6D", false },
    { 0x00962A7C, "\x73\x67\x2E\x74\x69\x6D", false },
    { 0x00962AA0, "\x73\x65\x69\x74\x61\x5F\x6B\x2E\x74\x69\x6D", false },
    { 0x00956D00, "\x73\x73\x74\x61\x6D\x70\x30\x2E\x74\x69\x6D", false },
    { 0x00956D0C, "\x73\x73\x74\x61\x6D\x70\x31\x2E\x74\x69\x6D", false },
    { 0x00956CE8, "\x73\x74\x69\x6D\x65\x31\x2E\x74\x69\x6D", false },
    { 0x00956CF4, "\x73\x74\x69\x6D\x65\x32\x2E\x74\x69\x6D", false },
};
inline constexpr BytePatch es_byte_patches[] = {
    { 0x009016B4, 0x73 },
    { 0x009016C0, 0x73 },
    { 0x009016CC, 0x73 },
    { 0x009016D8, 0x73 },
    { 0x009016E4, 0x73 },
    { 0x009016F4, 0x73 },
    { 0x00901704, 0x73 },
    { 0x00901714, 0x73 },
    { 0x00901724, 0x73 },
    { 0x00901734, 0x73 },
    { 0x00901744, 0x73 },
    { 0x00901764, 0x73 },
    { 0x00901770, 0x73 },
    { 0x0090177C, 0x73 },
    { 0x00901788, 0x73 },
    { 0x00901794, 0x73 },
    { 0x009017A0, 0x73 },
    { 0x009017B8, 0x73 },
    { 0x009017C4, 0x73 },
    { 0x009017D0, 0x73 },
    { 0x009017E0, 0x73 },
    { 0x009017F0, 0x73 },
    { 0x00901800, 0x73 },
    { 0x00901810, 0x73 },
    { 0x0090181C, 0x73 },
    { 0x0090182C, 0x73 },
    { 0x0090183C, 0x73 },
    { 0x007BA690, 0x73 },
    { 0x007BA6A0, 0x73 },
    { 0x007BA6B0, 0x73 },
    { 0x007BA6C0, 0x73 },
    { 0x007BA6D0, 0x73 },
    { 0x007BA6E0, 0x73 },
    { 0x007BA6F0, 0x73 },
    { 0x007BA700, 0x73 },
    { 0x00956AB9, 0x8E },
    { 0x00956ABC, 0x5F },
    { 0x00956AC9, 0xBC },
    { 0x00956ACC, 0x69 },
    { 0x00956AF9, 0x8E },
    { 0x00956AFC, 0x8C },
    { 0x00956AFE, 0x16 },
};
inline constexpr char es_credits_title[] = "\x33\x21\x2C\x29\x32\xFF";
inline constexpr char es_credits_subtitle[] = "\x23\x32\x63\x24\x29\x34\x2F\x33\x00\x21\x24\x29\x23\x29\x2F\x2E\x21\x2C\x25\x33\xFF";
inline constexpr char es_name_characters[] = "\x21\x22\x23\x24\x25\x26\x27\x28\x29\x2A\xC7\x67\x2B\x2C\x2D\x2E\x2F\x30\x31\x32\x33\x34\x63\x6E\x35\x36\x37\x38\x39\x3A\x0C\x0E\x0B\x0D\xCA\x72\x41\x42\x43\x44\x45\x46\x47\x48\x49\x4A\xCE\x77\x4B\x4C\x4D\x4E\x4F\x50\x51\x52\x53\x54\xD2\x7C\x55\x56\x57\x58\x59\x5A\x1A\x1B\x00\x00\x66\x7F\x10\x11\x12\x13\x14\x15\x16\x17\x18\x19\x64\x76\x00\x00\x00\x00\x32\x41\x47\x49\x4E\x2C\x49\x4F\x4E\xFF\x00\x00\x00\x00\x00\x00\x26\x52\x45\x53\x48\x4D\x41\x4B\x45\xFF\x00\x00\x00\x00\x00\x00\x33\x51\x55\x41\x52\x45\xFF\x00\x00\x00\x00\x00\x00\x00\x00\x00\x13\x24\x46\x58\xFF\x00\x00\x00\x00\x00\x00\x00\x00\x00\x00\x00\x2C\x4F\x43\x41\x4C\xFF\x00\x00\x00\x00\x00\x00\x00\x00\x00\x00\x27\x4F\x4C\x44\xFF\x00\x00\x00\x00\x00\x00\x00\x00\x00\x00\x00\x00\x00\x00\x00\x00\x00\x00\x00";
inline constexpr uint8_t es_hud_2[][36] = {
    { 0x98, 0xFF, 0x70, 0xFF, 0x0C, 0x00, 0x14, 0x00, 0xBF, 0x00, 0x30, 0x00, 0x05, 0x00, 0x00, 0x00, 0x0A, 0xD7, 0x23, 0x3C, 0x00, 0x00, 0x00, 0x00, 0x00, 0x00, 0x00, 0x00, 0x00, 0x00, 0x00, 0x00, 0x00, 0x00, 0x00, 0x00 },
    { 0xB0, 0xFF, 0x70, 0xFF, 0x0E, 0x00, 0x14, 0x00, 0x63, 0x00, 0x16, 0x00, 0x05, 0x00, 0x00, 0x00, 0x0A, 0xD7, 0x23, 0x3C, 0x00, 0x00, 0x00, 0x00, 0x00, 0x00, 0x00, 0x00, 0x00, 0x00, 0x00, 0x00, 0x00, 0x00, 0x00, 0x00 },
    { 0xCC, 0xFF, 0x70, 0xFF, 0x13, 0x00, 0x13, 0x00, 0x00, 0x00, 0x00, 0x00, 0x05, 0x00, 0x00, 0x00, 0x0A, 0xD7, 0x23, 0x3C, 0x00, 0x00, 0x00, 0x00, 0x00, 0x00, 0x00, 0x00, 0x00, 0x00, 0x00, 0x00, 0x00, 0x00, 0x00, 0x00 },
    { 0xF2, 0xFF, 0x70, 0xFF, 0x11, 0x00, 0x13, 0x00, 0xCD, 0x00, 0x00, 0x00, 0x05, 0x00, 0x00, 0x00, 0x0A, 0xD7, 0x23, 0x3C, 0x00, 0x00, 0x00, 0x00, 0x00, 0x00, 0x00, 0x00, 0x00, 0x00, 0x00, 0x00, 0x00, 0x00, 0x00, 0x00 },
    { 0x14, 0x00, 0x70, 0xFF, 0x0B, 0x00, 0x13, 0x00, 0x9B, 0x00, 0x00, 0x00, 0x05, 0x00, 0x00, 0x00, 0x0A, 0xD7, 0x23, 0x3C, 0x00, 0x00, 0x00, 0x00, 0x00, 0x00, 0x00, 0x00, 0x00, 0x00, 0x00, 0x00, 0x00, 0x00, 0x00, 0x00 },
    { 0x2A, 0x00, 0x70, 0xFF, 0x13, 0x00, 0x13, 0x00, 0x4F, 0x00, 0x16, 0x00, 0x05, 0x00, 0x00, 0x00, 0x0A, 0xD7, 0x23, 0x3C, 0x00, 0x00, 0x00, 0x00, 0x00, 0x00, 0x00, 0x00, 0x00, 0x00, 0x00, 0x00, 0x00, 0x00, 0x00, 0x00 },
    { 0x50, 0x00, 0x70, 0xFF, 0x0C, 0x00, 0x14, 0x00, 0xB0, 0x00, 0x30, 0x00, 0x05, 0x00, 0x00, 0x00, 0x0A, 0xD7, 0x23, 0x3C, 0x00, 0x00, 0x00, 0x00, 0x00, 0x00, 0x00, 0x00, 0x00, 0x00, 0x00, 0x00, 0x00, 0x00, 0x00, 0x00 },
    { 0xD6, 0xFF, 0xA8, 0xFF, 0x0E, 0x00, 0x14, 0x00, 0x63, 0x00, 0x16, 0x00, 0x05, 0x00, 0x00, 0x00, 0x0A, 0xD7, 0x23, 0x3C, 0x00, 0x00, 0x00, 0x00, 0x00, 0x00, 0x00, 0x00, 0x00, 0x00, 0x00, 0x00, 0x00, 0x00, 0x00, 0x00 },
    { 0xF2, 0xFF, 0xA8, 0xFF, 0x0A, 0x00, 0x13, 0x00, 0xA0, 0x00, 0x30, 0x00, 0x05, 0x00, 0x00, 0x00, 0x0A, 0xD7, 0x23, 0x3C, 0x00, 0x00, 0x00, 0x00, 0x00, 0x00, 0x00, 0x00, 0x00, 0x00, 0x00, 0x00, 0x00, 0x00, 0x00, 0x00 },
    { 0x06, 0x00, 0xA8, 0xFF, 0x13, 0x00, 0x14, 0x00, 0x00, 0x00, 0x16, 0x00, 0x05, 0x00, 0x00, 0x00, 0x0A, 0xD7, 0x23, 0x3C, 0x00, 0x00, 0x00, 0x00, 0x00, 0x00, 0x00, 0x00, 0x00, 0x00, 0x00, 0x00, 0x00, 0x00, 0x00, 0x00 },
};
inline constexpr uint8_t es_hud_8[][36] = {
    { 0x9C, 0xFF, 0x70, 0xFF, 0x19, 0x00, 0x13, 0x00, 0xDF, 0x00, 0x00, 0x00, 0x05, 0x00, 0x00, 0x00, 0x0A, 0xD7, 0x23, 0x3C, 0x00, 0x00, 0x00, 0x00, 0x00, 0x00, 0x00, 0x00, 0x00, 0x00, 0x00, 0x00, 0x00, 0x00, 0x00, 0x00 },
    { 0xCE, 0xFF, 0x70, 0xFF, 0x0B, 0x00, 0x13, 0x00, 0x9B, 0x00, 0x00, 0x00, 0x05, 0x00, 0x00, 0x00, 0x0A, 0xD7, 0x23, 0x3C, 0x00, 0x00, 0x00, 0x00, 0x00, 0x00, 0x00, 0x00, 0x00, 0x00, 0x00, 0x00, 0x00, 0x00, 0x00, 0x00 },
    { 0xE4, 0xFF, 0x70, 0xFF, 0x0E, 0x00, 0x14, 0x00, 0x63, 0x00, 0x16, 0x00, 0x05, 0x00, 0x00, 0x00, 0x0A, 0xD7, 0x23, 0x3C, 0x00, 0x00, 0x00, 0x00, 0x00, 0x00, 0x00, 0x00, 0x00, 0x00, 0x00, 0x00, 0x00, 0x00, 0x00, 0x00 },
    { 0x00, 0x00, 0x70, 0xFF, 0x0B, 0x00, 0x13, 0x00, 0x9B, 0x00, 0x00, 0x00, 0x05, 0x00, 0x00, 0x00, 0x0A, 0xD7, 0x23, 0x3C, 0x00, 0x00, 0x00, 0x00, 0x00, 0x00, 0x00, 0x00, 0x00, 0x00, 0x00, 0x00, 0x00, 0x00, 0x00, 0x00 },
    { 0x16, 0x00, 0x70, 0xFF, 0x14, 0x00, 0x14, 0x00, 0x14, 0x00, 0x16, 0x00, 0x05, 0x00, 0x00, 0x00, 0x0A, 0xD7, 0x23, 0x3C, 0x00, 0x00, 0x00, 0x00, 0x00, 0x00, 0x00, 0x00, 0x00, 0x00, 0x00, 0x00, 0x00, 0x00, 0x00, 0x00 },
    { 0x3E, 0x00, 0x70, 0xFF, 0x13, 0x00, 0x14, 0x00, 0x00, 0x00, 0x16, 0x00, 0x05, 0x00, 0x00, 0x00, 0x0A, 0xD7, 0x23, 0x3C, 0x00, 0x00, 0x00, 0x00, 0x00, 0x00, 0x00, 0x00, 0x00, 0x00, 0x00, 0x00, 0x00, 0x00, 0x00, 0x00 },
    { 0x22, 0x00, 0x64, 0xFF, 0x08, 0x00, 0x06, 0x00, 0x1D, 0x00, 0x49, 0x00, 0x05, 0x00, 0x00, 0x00, 0x0A, 0xD7, 0x23, 0x3C, 0x00, 0x00, 0x00, 0x00, 0x00, 0x00, 0x00, 0x00, 0x00, 0x00, 0x00, 0x00, 0x00, 0x00, 0x00, 0x00 },
    { 0x70, 0xFF, 0x9E, 0xFF, 0x12, 0x00, 0x14, 0x00, 0x27, 0x00, 0x00, 0x00, 0x05, 0x00, 0x00, 0x00, 0x0A, 0xD7, 0x23, 0x3C, 0x00, 0x00, 0x00, 0x00, 0x00, 0x00, 0x00, 0x00, 0x00, 0x00, 0x00, 0x00, 0x00, 0x00, 0x00, 0x00 },
    { 0x94, 0xFF, 0x9E, 0xFF, 0x13, 0x00, 0x14, 0x00, 0x84, 0x00, 0x16, 0x00, 0x05, 0x00, 0x00, 0x00, 0x0A, 0xD7, 0x23, 0x3C, 0x00, 0x00, 0x00, 0x00, 0x00, 0x00, 0x00, 0x00, 0x00, 0x00, 0x00, 0x00, 0x00, 0x00, 0x00, 0x00 },
    { 0xBA, 0xFF, 0x9E, 0xFF, 0x19, 0x00, 0x13, 0x00, 0xDF, 0x00, 0x00, 0x00, 0x05, 0x00, 0x00, 0x00, 0x0A, 0xD7, 0x23, 0x3C, 0x00, 0x00, 0x00, 0x00, 0x00, 0x00, 0x00, 0x00, 0x00, 0x00, 0x00, 0x00, 0x00, 0x00, 0x00, 0x00 },
    { 0xEC, 0xFF, 0x9E, 0xFF, 0x11, 0x00, 0x13, 0x00, 0x28, 0x00, 0x16, 0x00, 0x05, 0x00, 0x00, 0x00, 0x0A, 0xD7, 0x23, 0x3C, 0x00, 0x00, 0x00, 0x00, 0x00, 0x00, 0x00, 0x00, 0x00, 0x00, 0x00, 0x00, 0x00, 0x00, 0x00, 0x00 },
    { 0x0E, 0x00, 0x9E, 0xFF, 0x11, 0x00, 0x13, 0x00, 0xCD, 0x00, 0x00, 0x00, 0x05, 0x00, 0x00, 0x00, 0x0A, 0xD7, 0x23, 0x3C, 0x00, 0x00, 0x00, 0x00, 0x00, 0x00, 0x00, 0x00, 0x00, 0x00, 0x00, 0x00, 0x00, 0x00, 0x00, 0x00 },
    { 0x30, 0x00, 0x9E, 0xFF, 0x0B, 0x00, 0x13, 0x00, 0x9B, 0x00, 0x00, 0x00, 0x05, 0x00, 0x00, 0x00, 0x0A, 0xD7, 0x23, 0x3C, 0x00, 0x00, 0x00, 0x00, 0x00, 0x00, 0x00, 0x00, 0x00, 0x00, 0x00, 0x00, 0x00, 0x00, 0x00, 0x00 },
    { 0x46, 0x00, 0x9E, 0xFF, 0x12, 0x00, 0x13, 0x00, 0x3A, 0x00, 0x00, 0x00, 0x05, 0x00, 0x00, 0x00, 0x0A, 0xD7, 0x23, 0x3C, 0x00, 0x00, 0x00, 0x00, 0x00, 0x00, 0x00, 0x00, 0x00, 0x00, 0x00, 0x00, 0x00, 0x00, 0x00, 0x00 },
    { 0x6A, 0x00, 0x9E, 0xFF, 0x13, 0x00, 0x13, 0x00, 0x00, 0x00, 0x00, 0x00, 0x05, 0x00, 0x00, 0x00, 0x0A, 0xD7, 0x23, 0x3C, 0x00, 0x00, 0x00, 0x00, 0x00, 0x00, 0x00, 0x00, 0x00, 0x00, 0x00, 0x00, 0x00, 0x00, 0x00, 0x00 },
};
inline constexpr uint8_t es_hud_16[][36] = {
    { 0x9C, 0xFF, 0x70, 0xFF, 0x19, 0x00, 0x13, 0x00, 0xDF, 0x00, 0x00, 0x00, 0x05, 0x00, 0x00, 0x00, 0x0A, 0xD7, 0x23, 0x3C, 0x00, 0x00, 0x00, 0x00, 0x00, 0x00, 0x00, 0x00, 0x00, 0x00, 0x00, 0x00, 0x00, 0x00, 0x00, 0x00 },
    { 0xCE, 0xFF, 0x70, 0xFF, 0x0B, 0x00, 0x13, 0x00, 0x9B, 0x00, 0x00, 0x00, 0x05, 0x00, 0x00, 0x00, 0x0A, 0xD7, 0x23, 0x3C, 0x00, 0x00, 0x00, 0x00, 0x00, 0x00, 0x00, 0x00, 0x00, 0x00, 0x00, 0x00, 0x00, 0x00, 0x00, 0x00 },
    { 0xE4, 0xFF, 0x70, 0xFF, 0x0E, 0x00, 0x14, 0x00, 0x63, 0x00, 0x16, 0x00, 0x05, 0x00, 0x00, 0x00, 0x0A, 0xD7, 0x23, 0x3C, 0x00, 0x00, 0x00, 0x00, 0x00, 0x00, 0x00, 0x00, 0x00, 0x00, 0x00, 0x00, 0x00, 0x00, 0x00, 0x00 },
    { 0x00, 0x00, 0x70, 0xFF, 0x0B, 0x00, 0x13, 0x00, 0x9B, 0x00, 0x00, 0x00, 0x05, 0x00, 0x00, 0x00, 0x0A, 0xD7, 0x23, 0x3C, 0x00, 0x00, 0x00, 0x00, 0x00, 0x00, 0x00, 0x00, 0x00, 0x00, 0x00, 0x00, 0x00, 0x00, 0x00, 0x00 },
    { 0x16, 0x00, 0x70, 0xFF, 0x14, 0x00, 0x14, 0x00, 0x14, 0x00, 0x16, 0x00, 0x05, 0x00, 0x00, 0x00, 0x0A, 0xD7, 0x23, 0x3C, 0x00, 0x00, 0x00, 0x00, 0x00, 0x00, 0x00, 0x00, 0x00, 0x00, 0x00, 0x00, 0x00, 0x00, 0x00, 0x00 },
    { 0x3E, 0x00, 0x70, 0xFF, 0x13, 0x00, 0x14, 0x00, 0x00, 0x00, 0x16, 0x00, 0x05, 0x00, 0x00, 0x00, 0x0A, 0xD7, 0x23, 0x3C, 0x00, 0x00, 0x00, 0x00, 0x00, 0x00, 0x00, 0x00, 0x00, 0x00, 0x00, 0x00, 0x00, 0x00, 0x00, 0x00 },
    { 0x22, 0x00, 0x64, 0xFF, 0x08, 0x00, 0x06, 0x00, 0x1D, 0x00, 0x49, 0x00, 0x05, 0x00, 0x00, 0x00, 0x0A, 0xD7, 0x23, 0x3C, 0x00, 0x00, 0x00, 0x00, 0x00, 0x00, 0x00, 0x00, 0x00, 0x00, 0x00, 0x00, 0x00, 0x00, 0x00, 0x00 },
    { 0x4C, 0xFF, 0x9E, 0xFF, 0x0B, 0x00, 0x13, 0x00, 0x9B, 0x00, 0x00, 0x00, 0x05, 0x00, 0x00, 0x00, 0x0A, 0xD7, 0x23, 0x3C, 0x00, 0x00, 0x00, 0x00, 0x00, 0x00, 0x00, 0x00, 0x00, 0x00, 0x00, 0x00, 0x00, 0x00, 0x00, 0x00 },
    { 0x64, 0xFF, 0x9E, 0xFF, 0x13, 0x00, 0x14, 0x00, 0x00, 0x00, 0x16, 0x00, 0x05, 0x00, 0x00, 0x00, 0x0A, 0xD7, 0x23, 0x3C, 0x00, 0x00, 0x00, 0x00, 0x00, 0x00, 0x00, 0x00, 0x00, 0x00, 0x00, 0x00, 0x00, 0x00, 0x00, 0x00 },
    { 0x8A, 0xFF, 0x9E, 0xFF, 0x12, 0x00, 0x14, 0x00, 0x27, 0x00, 0x00, 0x00, 0x05, 0x00, 0x00, 0x00, 0x0A, 0xD7, 0x23, 0x3C, 0x00, 0x00, 0x00, 0x00, 0x00, 0x00, 0x00, 0x00, 0x00, 0x00, 0x00, 0x00, 0x00, 0x00, 0x00, 0x00 },
    { 0xB0, 0xFF, 0x9E, 0xFF, 0x14, 0x00, 0x14, 0x00, 0x14, 0x00, 0x16, 0x00, 0x05, 0x00, 0x00, 0x00, 0x0A, 0xD7, 0x23, 0x3C, 0x00, 0x00, 0x00, 0x00, 0x00, 0x00, 0x00, 0x00, 0x00, 0x00, 0x00, 0x00, 0x00, 0x00, 0x00, 0x00 },
    { 0xD8, 0xFF, 0x9E, 0xFF, 0x19, 0x00, 0x13, 0x00, 0xDF, 0x00, 0x00, 0x00, 0x05, 0x00, 0x00, 0x00, 0x0A, 0xD7, 0x23, 0x3C, 0x00, 0x00, 0x00, 0x00, 0x00, 0x00, 0x00, 0x00, 0x00, 0x00, 0x00, 0x00, 0x00, 0x00, 0x00, 0x00 },
    { 0x08, 0x00, 0x9E, 0xFF, 0x11, 0x00, 0x13, 0x00, 0x28, 0x00, 0x16, 0x00, 0x05, 0x00, 0x00, 0x00, 0x0A, 0xD7, 0x23, 0x3C, 0x00, 0x00, 0x00, 0x00, 0x00, 0x00, 0x00, 0x00, 0x00, 0x00, 0x00, 0x00, 0x00, 0x00, 0x00, 0x00 },
    { 0x2C, 0x00, 0x9E, 0xFF, 0x11, 0x00, 0x13, 0x00, 0xCD, 0x00, 0x00, 0x00, 0x05, 0x00, 0x00, 0x00, 0x0A, 0xD7, 0x23, 0x3C, 0x00, 0x00, 0x00, 0x00, 0x00, 0x00, 0x00, 0x00, 0x00, 0x00, 0x00, 0x00, 0x00, 0x00, 0x00, 0x00 },
    { 0x4E, 0x00, 0x9E, 0xFF, 0x11, 0x00, 0x13, 0x00, 0x4D, 0x00, 0x00, 0x00, 0x05, 0x00, 0x00, 0x00, 0x0A, 0xD7, 0x23, 0x3C, 0x00, 0x00, 0x00, 0x00, 0x00, 0x00, 0x00, 0x00, 0x00, 0x00, 0x00, 0x00, 0x00, 0x00, 0x00, 0x00 },
    { 0x70, 0x00, 0x9E, 0xFF, 0x11, 0x00, 0x13, 0x00, 0x72, 0x00, 0x16, 0x00, 0x05, 0x00, 0x00, 0x00, 0x0A, 0xD7, 0x23, 0x3C, 0x00, 0x00, 0x00, 0x00, 0x00, 0x00, 0x00, 0x00, 0x00, 0x00, 0x00, 0x00, 0x00, 0x00, 0x00, 0x00 },
    { 0x94, 0x00, 0x9E, 0xFF, 0x13, 0x00, 0x13, 0x00, 0x00, 0x00, 0x00, 0x00, 0x05, 0x00, 0x00, 0x00, 0x0A, 0xD7, 0x23, 0x3C, 0x00, 0x00, 0x00, 0x00, 0x00, 0x00, 0x00, 0x00, 0x00, 0x00, 0x00, 0x00, 0x00, 0x00, 0x00, 0x00 },
};
inline constexpr uint8_t es_hud_32[][36] = {
    { 0x96, 0xFF, 0x6A, 0xFF, 0x11, 0x00, 0x13, 0x00, 0xCD, 0x00, 0x00, 0x00, 0x05, 0x00, 0x00, 0x00, 0x0A, 0xD7, 0x23, 0x3C, 0x00, 0x00, 0x00, 0x00, 0x00, 0x00, 0x00, 0x00, 0x00, 0x00, 0x00, 0x00, 0x00, 0x00, 0x00, 0x00 },
    { 0xB8, 0xFF, 0x6A, 0xFF, 0x0B, 0x00, 0x13, 0x00, 0x9B, 0x00, 0x00, 0x00, 0x05, 0x00, 0x00, 0x00, 0x0A, 0xD7, 0x23, 0x3C, 0x00, 0x00, 0x00, 0x00, 0x00, 0x00, 0x00, 0x00, 0x00, 0x00, 0x00, 0x00, 0x00, 0x00, 0x00, 0x00 },
    { 0xCE, 0xFF, 0x6A, 0xFF, 0x19, 0x00, 0x13, 0x00, 0xDF, 0x00, 0x00, 0x00, 0x05, 0x00, 0x00, 0x00, 0x0A, 0xD7, 0x23, 0x3C, 0x00, 0x00, 0x00, 0x00, 0x00, 0x00, 0x00, 0x00, 0x00, 0x00, 0x00, 0x00, 0x00, 0x00, 0x00, 0x00 },
    { 0x02, 0x00, 0x6A, 0xFF, 0x0B, 0x00, 0x13, 0x00, 0x9B, 0x00, 0x00, 0x00, 0x05, 0x00, 0x00, 0x00, 0x0A, 0xD7, 0x23, 0x3C, 0x00, 0x00, 0x00, 0x00, 0x00, 0x00, 0x00, 0x00, 0x00, 0x00, 0x00, 0x00, 0x00, 0x00, 0x00, 0x00 },
    { 0x18, 0x00, 0x6A, 0xFF, 0x11, 0x00, 0x13, 0x00, 0x72, 0x00, 0x16, 0x00, 0x05, 0x00, 0x00, 0x00, 0x0A, 0xD7, 0x23, 0x3C, 0x00, 0x00, 0x00, 0x00, 0x00, 0x00, 0x00, 0x00, 0x00, 0x00, 0x00, 0x00, 0x00, 0x00, 0x00, 0x00 },
    { 0xB8, 0xFF, 0x64, 0xFF, 0x08, 0x00, 0x06, 0x00, 0x1D, 0x00, 0x49, 0x00, 0x05, 0x00, 0x00, 0x00, 0x0A, 0xD7, 0x23, 0x3C, 0x00, 0x00, 0x00, 0x00, 0x00, 0x00, 0x00, 0x00, 0x00, 0x00, 0x00, 0x00, 0x00, 0x00, 0x00, 0x00 },
    { 0x3B, 0x00, 0x6A, 0xFF, 0x11, 0x00, 0x13, 0x00, 0x4D, 0x00, 0x00, 0x00, 0x05, 0x00, 0x00, 0x00, 0x0A, 0xD7, 0x23, 0x3C, 0x00, 0x00, 0x00, 0x00, 0x00, 0x00, 0x00, 0x00, 0x00, 0x00, 0x00, 0x00, 0x00, 0x00, 0x00, 0x00 },
    { 0xDE, 0xFF, 0x98, 0xFF, 0x12, 0x00, 0x13, 0x00, 0x3A, 0x00, 0x00, 0x00, 0x05, 0x00, 0x00, 0x00, 0x0A, 0xD7, 0x23, 0x3C, 0x00, 0x00, 0x00, 0x00, 0x00, 0x00, 0x00, 0x00, 0x00, 0x00, 0x00, 0x00, 0x00, 0x00, 0x00, 0x00 },
    { 0x00, 0x00, 0x98, 0xFF, 0x11, 0x00, 0x13, 0x00, 0x4D, 0x00, 0x00, 0x00, 0x05, 0x00, 0x00, 0x00, 0x0A, 0xD7, 0x23, 0x3C, 0x00, 0x00, 0x00, 0x00, 0x00, 0x00, 0x00, 0x00, 0x00, 0x00, 0x00, 0x00, 0x00, 0x00, 0x00, 0x00 },
    { 0x96, 0xFF, 0xC6, 0xFF, 0x11, 0x00, 0x13, 0x00, 0x72, 0x00, 0x16, 0x00, 0x05, 0x00, 0x00, 0x00, 0x0A, 0xD7, 0x23, 0x3C, 0x00, 0x00, 0x00, 0x00, 0x00, 0x00, 0x00, 0x00, 0x00, 0x00, 0x00, 0x00, 0x00, 0x00, 0x00, 0x00 },
    { 0xB8, 0xFF, 0xC6, 0xFF, 0x0B, 0x00, 0x13, 0x00, 0x9B, 0x00, 0x00, 0x00, 0x05, 0x00, 0x00, 0x00, 0x0A, 0xD7, 0x23, 0x3C, 0x00, 0x00, 0x00, 0x00, 0x00, 0x00, 0x00, 0x00, 0x00, 0x00, 0x00, 0x00, 0x00, 0x00, 0x00, 0x00 },
    { 0xCE, 0xFF, 0xC6, 0xFF, 0x11, 0x00, 0x13, 0x00, 0x4D, 0x00, 0x00, 0x00, 0x05, 0x00, 0x00, 0x00, 0x0A, 0xD7, 0x23, 0x3C, 0x00, 0x00, 0x00, 0x00, 0x00, 0x00, 0x00, 0x00, 0x00, 0x00, 0x00, 0x00, 0x00, 0x00, 0x00, 0x00 },
    { 0xF0, 0xFF, 0xC6, 0xFF, 0x19, 0x00, 0x13, 0x00, 0xDF, 0x00, 0x00, 0x00, 0x05, 0x00, 0x00, 0x00, 0x0A, 0xD7, 0x23, 0x3C, 0x00, 0x00, 0x00, 0x00, 0x00, 0x00, 0x00, 0x00, 0x00, 0x00, 0x00, 0x00, 0x00, 0x00, 0x00, 0x00 },
    { 0x22, 0x00, 0xC6, 0xFF, 0x11, 0x00, 0x13, 0x00, 0x28, 0x00, 0x16, 0x00, 0x05, 0x00, 0x00, 0x00, 0x0A, 0xD7, 0x23, 0x3C, 0x00, 0x00, 0x00, 0x00, 0x00, 0x00, 0x00, 0x00, 0x00, 0x00, 0x00, 0x00, 0x00, 0x00, 0x00, 0x00 },
    { 0x44, 0x00, 0xC6, 0xFF, 0x14, 0x00, 0x14, 0x00, 0x14, 0x00, 0x16, 0x00, 0x05, 0x00, 0x00, 0x00, 0x0A, 0xD7, 0x23, 0x3C, 0x00, 0x00, 0x00, 0x00, 0x00, 0x00, 0x00, 0x00, 0x00, 0x00, 0x00, 0x00, 0x00, 0x00, 0x00, 0x00 },
};
inline constexpr uint8_t es_hud_64[][36] = {
    { 0x4C, 0xFF, 0x50, 0xFF, 0x14, 0x00, 0x14, 0x00, 0x14, 0x00, 0x16, 0x00, 0x07, 0x00, 0x00, 0x00, 0x0A, 0xD7, 0x23, 0x3C, 0x00, 0x00, 0x00, 0x00, 0x00, 0x00, 0x00, 0x00, 0x00, 0x00, 0x00, 0x00, 0x00, 0x00, 0x00, 0x00 },
    { 0x74, 0xFF, 0x50, 0xFF, 0x12, 0x00, 0x13, 0x00, 0x14, 0x00, 0x00, 0x00, 0x07, 0x00, 0x00, 0x00, 0x0A, 0xD7, 0x23, 0x3C, 0x00, 0x00, 0x00, 0x00, 0x00, 0x00, 0x00, 0x00, 0x00, 0x00, 0x00, 0x00, 0x00, 0x00, 0x00, 0x00 },
    { 0x98, 0xFF, 0x50, 0xFF, 0x0E, 0x00, 0x16, 0x00, 0xA7, 0x00, 0x00, 0x00, 0x07, 0x00, 0x00, 0x00, 0x0A, 0xD7, 0x23, 0x3C, 0x00, 0x00, 0x00, 0x00, 0x00, 0x00, 0x00, 0x00, 0x00, 0x00, 0x00, 0x00, 0x00, 0x00, 0x00, 0x00 },
    { 0xB4, 0xFF, 0x50, 0xFF, 0x11, 0x00, 0x13, 0x00, 0x4D, 0x00, 0x00, 0x00, 0x07, 0x00, 0x00, 0x00, 0x0A, 0xD7, 0x23, 0x3C, 0x00, 0x00, 0x00, 0x00, 0x00, 0x00, 0x00, 0x00, 0x00, 0x00, 0x00, 0x00, 0x00, 0x00, 0x00, 0x00 },
    { 0xD6, 0xFF, 0x50, 0xFF, 0x11, 0x00, 0x13, 0x00, 0x72, 0x00, 0x16, 0x00, 0x07, 0x00, 0x00, 0x00, 0x0A, 0xD7, 0x23, 0x3C, 0x00, 0x00, 0x00, 0x00, 0x00, 0x00, 0x00, 0x00, 0x00, 0x00, 0x00, 0x00, 0x00, 0x00, 0x00, 0x00 },
    { 0xF8, 0xFF, 0x50, 0xFF, 0x0B, 0x00, 0x13, 0x00, 0x9B, 0x00, 0x00, 0x00, 0x07, 0x00, 0x00, 0x00, 0x0A, 0xD7, 0x23, 0x3C, 0x00, 0x00, 0x00, 0x00, 0x00, 0x00, 0x00, 0x00, 0x00, 0x00, 0x00, 0x00, 0x00, 0x00, 0x00, 0x00 },
    { 0x0E, 0x00, 0x50, 0xFF, 0x13, 0x00, 0x14, 0x00, 0x98, 0x00, 0x16, 0x00, 0x07, 0x00, 0x00, 0x00, 0x0A, 0xD7, 0x23, 0x3C, 0x00, 0x00, 0x00, 0x00, 0x00, 0x00, 0x00, 0x00, 0x00, 0x00, 0x00, 0x00, 0x00, 0x00, 0x00, 0x00 },
    { 0x34, 0x00, 0x50, 0xFF, 0x14, 0x00, 0x14, 0x00, 0x14, 0x00, 0x16, 0x00, 0x07, 0x00, 0x00, 0x00, 0x0A, 0xD7, 0x23, 0x3C, 0x00, 0x00, 0x00, 0x00, 0x00, 0x00, 0x00, 0x00, 0x00, 0x00, 0x00, 0x00, 0x00, 0x00, 0x00, 0x00 },
    { 0x32, 0x00, 0x80, 0xFF, 0x0D, 0x00, 0x14, 0x00, 0x00, 0x00, 0x30, 0x00, 0x07, 0x00, 0x00, 0x00, 0x0A, 0xD7, 0x23, 0x3C, 0x00, 0x00, 0x00, 0x00, 0x00, 0x00, 0x00, 0x00, 0x00, 0x00, 0x00, 0x00, 0x00, 0x00, 0x00, 0x00 },
    { 0x50, 0x00, 0x80, 0xFF, 0x0D, 0x00, 0x14, 0x00, 0x00, 0x00, 0x30, 0x00, 0x07, 0x00, 0x00, 0x00, 0x0A, 0xD7, 0x23, 0x3C, 0x00, 0x00, 0x00, 0x00, 0x00, 0x00, 0x00, 0x00, 0x00, 0x00, 0x00, 0x00, 0x00, 0x00, 0x00, 0x00 },
    { 0x6C, 0x00, 0x80, 0xFF, 0x0A, 0x00, 0x13, 0x00, 0xA0, 0x00, 0x30, 0x00, 0x07, 0x00, 0x00, 0x00, 0x0A, 0xD7, 0x23, 0x3C, 0x00, 0x00, 0x00, 0x00, 0x00, 0x00, 0x00, 0x00, 0x00, 0x00, 0x00, 0x00, 0x00, 0x00, 0x00, 0x00 },
    { 0x82, 0x00, 0x80, 0xFF, 0x0D, 0x00, 0x14, 0x00, 0x00, 0x00, 0x30, 0x00, 0x07, 0x00, 0x00, 0x00, 0x0A, 0xD7, 0x23, 0x3C, 0x00, 0x00, 0x00, 0x00, 0x00, 0x00, 0x00, 0x00, 0x00, 0x00, 0x00, 0x00, 0x00, 0x00, 0x00, 0x00 },
    { 0xA0, 0x00, 0x80, 0xFF, 0x0D, 0x00, 0x14, 0x00, 0x00, 0x00, 0x30, 0x00, 0x07, 0x00, 0x00, 0x00, 0x0A, 0xD7, 0x23, 0x3C, 0x00, 0x00, 0x00, 0x00, 0x00, 0x00, 0x00, 0x00, 0x00, 0x00, 0x00, 0x00, 0x00, 0x00, 0x00, 0x00 },
};
inline constexpr uint8_t es_hud_128[][36] = {
    { 0x4C, 0xFF, 0xE0, 0xFF, 0x11, 0x00, 0x13, 0x00, 0x28, 0x00, 0x16, 0x00, 0x05, 0x00, 0x00, 0x00, 0x0A, 0xD7, 0x23, 0x3C, 0x00, 0x00, 0x00, 0x00, 0x00, 0x00, 0x00, 0x00, 0x00, 0x00, 0x00, 0x00, 0x00, 0x00, 0x00, 0x00 },
    { 0x6C, 0xFF, 0xE0, 0xFF, 0x13, 0x00, 0x14, 0x00, 0x84, 0x00, 0x16, 0x00, 0x05, 0x00, 0x00, 0x00, 0x0A, 0xD7, 0x23, 0x3C, 0x00, 0x00, 0x00, 0x00, 0x00, 0x00, 0x00, 0x00, 0x00, 0x00, 0x00, 0x00, 0x00, 0x00, 0x00, 0x00 },
    { 0x92, 0xFF, 0xE0, 0xFF, 0x13, 0x00, 0x14, 0x00, 0x00, 0x00, 0x16, 0x00, 0x05, 0x00, 0x00, 0x00, 0x0A, 0xD7, 0x23, 0x3C, 0x00, 0x00, 0x00, 0x00, 0x00, 0x00, 0x00, 0x00, 0x00, 0x00, 0x00, 0x00, 0x00, 0x00, 0x00, 0x00 },
    { 0xB8, 0xFF, 0xE0, 0xFF, 0x11, 0x00, 0x13, 0x00, 0x72, 0x00, 0x16, 0x00, 0x05, 0x00, 0x00, 0x00, 0x0A, 0xD7, 0x23, 0x3C, 0x00, 0x00, 0x00, 0x00, 0x00, 0x00, 0x00, 0x00, 0x00, 0x00, 0x00, 0x00, 0x00, 0x00, 0x00, 0x00 },
    { 0xDE, 0xFF, 0xE0, 0xFF, 0x14, 0x00, 0x14, 0x00, 0x14, 0x00, 0x16, 0x00, 0x05, 0x00, 0x00, 0x00, 0x0A, 0xD7, 0x23, 0x3C, 0x00, 0x00, 0x00, 0x00, 0x00, 0x00, 0x00, 0x00, 0x00, 0x00, 0x00, 0x00, 0x00, 0x00, 0x00, 0x00 },
    { 0x06, 0x00, 0xE0, 0xFF, 0x0E, 0x00, 0x14, 0x00, 0x63, 0x00, 0x16, 0x00, 0x05, 0x00, 0x00, 0x00, 0x0A, 0xD7, 0x23, 0x3C, 0x00, 0x00, 0x00, 0x00, 0x00, 0x00, 0x00, 0x00, 0x00, 0x00, 0x00, 0x00, 0x00, 0x00, 0x00, 0x00 },
    { 0x28, 0x00, 0xE0, 0xFF, 0x0D, 0x00, 0x14, 0x00, 0x00, 0x00, 0x30, 0x00, 0x05, 0x00, 0x00, 0x00, 0x0A, 0xD7, 0x23, 0x3C, 0x00, 0x00, 0x00, 0x00, 0x00, 0x00, 0x00, 0x00, 0x00, 0x00, 0x00, 0x00, 0x00, 0x00, 0x00, 0x00 },
    { 0x46, 0x00, 0xE0, 0xFF, 0x0D, 0x00, 0x14, 0x00, 0x00, 0x00, 0x30, 0x00, 0x05, 0x00, 0x00, 0x00, 0x0A, 0xD7, 0x23, 0x3C, 0x00, 0x00, 0x00, 0x00, 0x00, 0x00, 0x00, 0x00, 0x00, 0x00, 0x00, 0x00, 0x00, 0x00, 0x00, 0x00 },
    { 0x64, 0x00, 0xE0, 0xFF, 0x0D, 0x00, 0x14, 0x00, 0x00, 0x00, 0x30, 0x00, 0x05, 0x00, 0x00, 0x00, 0x0A, 0xD7, 0x23, 0x3C, 0x00, 0x00, 0x00, 0x00, 0x00, 0x00, 0x00, 0x00, 0x00, 0x00, 0x00, 0x00, 0x00, 0x00, 0x00, 0x00 },
    { 0x82, 0x00, 0xE0, 0xFF, 0x0D, 0x00, 0x14, 0x00, 0x00, 0x00, 0x30, 0x00, 0x05, 0x00, 0x00, 0x00, 0x0A, 0xD7, 0x23, 0x3C, 0x00, 0x00, 0x00, 0x00, 0x00, 0x00, 0x00, 0x00, 0x00, 0x00, 0x00, 0x00, 0x00, 0x00, 0x00, 0x00 },
    { 0xA0, 0x00, 0xE0, 0xFF, 0x0D, 0x00, 0x14, 0x00, 0x00, 0x00, 0x30, 0x00, 0x05, 0x00, 0x00, 0x00, 0x0A, 0xD7, 0x23, 0x3C, 0x00, 0x00, 0x00, 0x00, 0x00, 0x00, 0x00, 0x00, 0x00, 0x00, 0x00, 0x00, 0x00, 0x00, 0x00, 0x00 },
};
}
